,index,id,title,comment,uid,timestamp,tourokubi,furigana,editingday,registration,system_title,system_group,netabare,number_of_user,before,before_trial
0,0,1,おかずに使える,エロい、ひたすらエロい。これをおかずに使わずしてなんとする、というゲームを集めてみました。,ap2,2003-12-26 16:58:01.041239+09,2002-06-01 22:23:39.588838+09,オカズニツカエル,1900-01-01 00:00:00+09,t,おかず,傾向,f,6079,f,f
1,1,2,後味悪すぎ,エンディングを迎えても気持ちよく終われず逆に 胸が悪くなった、納得がいかなかった、何かしこりが残ったと言ったプレイ後の後味が悪かった作品を登録してください。でも人を選ぶけどこういうのも悪くないよね。,ap2,2003-12-26 01:21:59.544368+09,2002-06-01 22:23:39.588838+09,アトアジワルスギ,2004-02-22 20:22:44.572492+09,t,後味が悪い,傾向,f,2849,f,f
2,2,3,ゲーム性のある飽きないゲーム,エロゲーなんだけど、時間を忘れて出来るほどゲームが面白い。長い時間プレイしていても飽きのこない、繰り返しプレイに耐えられるやつ。,ap2,2003-12-26 04:00:23.735613+09,2002-06-01 22:23:39.588838+09,ゲームセイノアルアキナイゲーム,1900-01-01 00:00:00+09,t,飽きない,ゲーム性,f,4999,f,f
3,3,4,ひたすら長い。長すぎるよ、このゲーム。,やりはじめたはいいが、なかなか終わらない。っていうか、いつ終わるのだこのゲームは。時間のない社会人には、ちと厳しいんじゃないの？って思うゲーム。 できればコメントにオールクリアあるいはフルコンプまでのプレイ時間など具体的に要した時間を含めていただけたら参考になるのでありがたいです。,ap2,2003-12-24 12:19:08.575325+09,2002-06-01 22:23:39.588838+09,ヒタスラナカセイナカセスキセルヨコノゲーム,1900-01-01 00:00:00+09,t,長い,時間,f,5422,f,f
4,4,6,BGMに惚れ惚れ(*'-'),このゲームのBGMはとにかくイイ！というもの。基本的にボーカル曲は除きます。 ボーカル曲の評価は「歌がいいゲーム」のほうで(*'-')ノ,REAK,2003-12-25 21:57:53.432032+09,2002-03-23 20:34:26+09,ビージーエムニホレボレ,1900-01-01 00:00:00+09,t,BGMがいい,音,f,8736,f,f
5,5,7,インテリなエロゲー,哲学、心理学、民俗学、科学など、知性と教養のあふれたエロゲーの登録をお願いします。 なお、豆知識、趣味に走った知識などについては POV「得する？雑学、うんちく、トリビア 」のほうにお願いします,hare,2003-12-24 12:19:08.082768+09,2002-03-23 21:54:54+09,インテリナエロゲー,2004-09-05 21:27:52.25157+09,t,インテリ,傾向,f,2007,t,f
6,6,9,ハードボイルド要素が高い（作品）,萌えゲーや泣きゲーだけが「美少女ゲーム」ではない！ 時にはクール＆ハードな登場人物が活躍するハードボイルドな作品も時には良いものでは。 シャープな切れ味を感じさせるそんなハードボイルド要素満載な作品を登録してみてください。,hirorin,2003-12-23 17:46:33.586191+09,2002-03-25 13:52:27+09,ハードボイルド,1900-01-01 00:00:00+09,t,ハードボイルド,ジャンル,f,1225,t,f
7,7,10,コメディ要素が強い笑えるゲーム,笑いはシナリオを構成する基本要素の一つ（かもしれない…） 冴えるギャグ、絶妙なボケとツッコミ、とにかく笑えるゲームの登録をお願いします。 さらに、コメディ要素によってシナリオが栄えるかコメントに書いてもらえれると良いと思います。 A:笑いが全編通して盛りだくさん B:量より質、随所にとまではいかないが笑える C:人を選ぶかもしれない、個人的に笑えたもの,hirorin,2003-12-26 00:47:32.316128+09,2002-03-25 14:05:01+09,コメディヨウソガツヨイワラエルゲーム,1900-01-01 00:00:00+09,t,笑,傾向,f,6260,t,f
8,8,12,とんでもなく短い。短すぎるよ、このゲーム。,やりはじめたはいいが、あっという間に終わってしまった。っていうか、なんてボリュームの小ささなんだこのゲームは。時間のない社会人でも、ちと納得できないんじゃないの？って思うゲーム。･･･すいませんパクリです(^^ゞ できればコメントにオールクリアあるいはフルコンプまでのプレイ時間など具体的に要した時間を含めていただけたら参考になるのでありがたいです。,REAK,2003-12-25 22:12:35.282387+09,2002-03-25 23:40:58+09,トンデモナクミジカイミジカスギルヨコノゲーム,1900-01-01 00:00:00+09,t,短い,時間,f,4244,f,f
9,9,13,主人公が素敵,男からみても惚れてしまいそうな、とにかくカッコいいと感じるやつを求む！！,hare,2003-12-26 04:00:23.784635+09,2002-03-26 18:01:39+09,シュジンコウガステキ,1900-01-01 00:00:00+09,t,素敵,主人公,f,9582,f,f
10,10,14,ファンタジー,ファンタジー作品を登録してください。 Ａ～Ｃはファンタジー要素の度合いで振り分けてください。,hare,2003-12-26 17:04:13.54128+09,2002-03-26 18:18:58+09,ファンタジー,1900-01-01 00:00:00+09,t,ファンタジー,ジャンル,f,4118,t,f
11,11,16,妹ゲー,そのうち誰か作るだろうと思ってたんですが、一向にその気配がないので^_^; 「お兄ちゃん」及びそれに類する言葉で呼んでくれるキャラと実際にＨできる ゲーム限定。お気に入りのゲームを登録して下さい。,REAK,2003-12-25 21:57:52.880553+09,2002-04-05 00:21:47+09,イモウトゲー,1900-01-01 00:00:00+09,t,妹,女の子キャラクター,f,5003,t,f
12,12,17,修正ファイルがあるゲーム,この情報は必要でしょ。バージョンを確認してください。ご協力お願いします。 Ａ：修正ファイル必須（動作不安定、クリア不可等プレイに支障がある重大なもの） Ｂ：修正ファイル必須と推奨の中間（システム改善等） Ｃ：修正ファイル推奨（誤字脱字等プレイに支障がない些細なもの） ※複数当てはまる場合、上位優先,hare,2003-12-17 01:23:38.290266+09,2002-04-05 19:41:01+09,シュウセイファイルガアルゲーム,1900-01-01 00:00:00+09,t,修正ファイル,システム,f,4038,f,f
13,13,22,インモラルなエロゲー（近親相姦含む）,道徳的にはNGだけど、虚構(ゲーム)だからOK、なもの。 マネしないように。 近親相姦もここに登録願います,hare,2003-12-06 23:55:50.764145+09,2002-04-10 21:34:56+09,インモラルナエロゲー,1900-01-01 00:00:00+09,t,インモラル(近親相姦等),傾向,f,2424,t,f
14,14,23,魂の作品,「過去プレイしたゲームの中でもこれだけは私的に別格」と思うゲームを挙げてください。 このPOVはゲームが自分に与えた影響で作品をランク付けするのが狙いです。完成度は低くてあまり高い点は挙げられないけど、一般に評価の高い作品より遥かに大きな存在だと思える作品もピックアップしてもらえればと思います。得点の高い作品と人に大きな影響を与えられる作品はまた別だろうという考えから作成しました。ランクは受けた影響の大きさと、他の作品でなくこの作品でなければならなかったという独自性を評価してほしいです。Ａランクは多少数を絞ってください。,d_bellypha,2003-12-24 12:19:08.44593+09,2002-04-15 23:12:39+09,タマシイノサクヒン,1900-01-01 00:00:00+09,t,魂,名作,f,8391,f,f
15,15,24,期待はずれだった作品（ゲーム）,パッケージを見て、雑誌の評価を見て、OHPを見て、ちまたの評価を聞いて期待してたのに買ってみたら「んだよ、これ～」と思ったゲーム。 また『売り』が実際にはゲームの中で発揮されていなかったゲーム。 落胆の大小でＡ～Ｃを入力してください。,ap2,2003-12-25 20:42:54.369126+09,2002-04-21 22:18:40+09,キタイハズレダッタサクヒン,1900-01-01 00:00:00+09,t,期待はずれ,ネガティブ,f,5116,f,f
16,16,27,ミステリーの世界,犯人当てやトリック破りを主眼とする狭義の意味での謎解きものだけでなく、広義の意味でのミステリー全般を集めようというのがこのＰＯＶの主旨です。 但し、結末その他でその謎が解決していることが登録の条件です。解決していないものに関してはホラーやファンタジー系ＰＯＶを活用していただけると有り難いです。,2TOM,2003-12-24 01:23:47.544638+09,2002-05-05 14:59:24+09,ミステリーノセカイ,1900-01-01 00:00:00+09,t,謎解き,ジャンル,f,1929,t,f
17,17,28,エロゲー初心者にお勧めな作品,初心者さんの為に、ささやかながら数多くのプレイ歴のある先達としての推薦作を挙げて貰いたいと思います。 ポイントは、ただ名作や評価の高い作品を羅列するのでなく、あくまでも初心者の視点で作品を選ぶように心がけてほしいと思います。 推薦理由は、○○の王道、オリジン的作品、時代を語る上で避けては通れない、初心者時代にプレイして良かった（プレイしたかった）作品など、細かくは問いません。,ap2,2003-12-25 21:57:52.842039+09,2002-05-12 22:43:50+09,エロゲーショシンシャニオススメナサクヒン,1900-01-01 00:00:00+09,t,初心者向け,傾向,f,6618,f,f
18,18,29,声がいいゲーム,声優のキャスティングや演技力がいいエロゲー,mame9,2003-12-25 23:49:57.543507+09,2002-05-13 00:28:09+09,コエガイイゲーム,1900-01-01 00:00:00+09,t,声がいい,音,f,8479,t,f
19,19,30,成長物語,ストーリーを通じて主人公、ヒロインなど登場人物がひと皮剥けて成長していく様が印象に残る作品、 あるいは大人へと成長していく過程の中で苦悩や葛藤の描写が印象に残る作品を登録してください。 ＡＢＣ基準は成長していくことへの快い印象度を交えて投票をお願いします。,hare,2003-12-24 12:19:08.391655+09,2002-05-13 13:00:15+09,セイチョウモノガタリ,1900-01-01 00:00:00+09,t,成長,ジャンル,f,5279,f,f
20,20,33,萌えゲー,絵柄が萌えるヒロインが盛りだくさんな作品だから「萌えゲー」というのか、萌え転がるヒロインのシナリオやヒロイン属性がツボにはまりまくりな作品だから「萌えゲー」なのか、とかく「萌えゲー」といわれる割にはその基準は結構プレイする人それぞれで様々だったりします。 ということで、ここでは変にこだわった基準にこだわらず、「それぞまさしく萌えゲー」＆萌えゲーとしてお勧めな作品をあげてみてください。,REAK,2003-12-25 21:06:17.697618+09,2002-06-05 22:44:42+09,モエゲー,1900-01-01 00:00:00+09,t,萌え,傾向,f,4677,f,f
21,21,34,キャラを取り巻く世界観が良いゲーム（旧：雰囲気の良いゲーム）,ストーリーの先が気になると言うよりも、その世界に浸っていたいと思えるようなゲームを登録してください。 コメントには、登場人物を取り巻く世界観、背景、設定の良さを記述してください。,azumi,2003-12-26 04:00:23.882186+09,2002-06-08 01:13:20+09,キャラヲトリマクセカイカンガ,1900-01-01 00:00:00+09,t,キャラを取り巻く世界観,ここがいい,f,12208,f,f
22,22,35,『薬品』がテーマ・伏線となっている作品,薬を使った人体実験、薬物中毒、人格の破壊、催淫、狂気などをメインに扱ったゲーム。,yzf,2003-12-06 09:03:17.078708+09,2002-06-09 13:15:38+09,ヤクヒンガテーマ,1900-01-01 00:00:00+09,t,薬物,傾向,f,1162,t,f
23,23,36,ヒロインが朝起こしに来る,ゲームの朝の舞台では欠かせない、寝ぼすけorグータラな主人公をヒロインが優しく起こしてくれる場面にインパクトがある作品を教えてください。 作品によって優しくに？がつく場合があるかもしれませんが、それもまた愛情表現ということでアリにします,hare,2003-12-25 21:57:53.320625+09,2002-06-11 21:41:21+09,ヒロインガアサオコシニクル,1900-01-01 00:00:00+09,t,朝起こしに来る,シチュエーション,f,3671,f,f
24,24,38,名作になりそこねた作品集,ここさえ良ければ名作！ 個人的には良作またはそれに近い評価をしているのだけど、この部分さえこうなっていればもっと評価が高くなったのに・・・というような名作一歩手前の惜しい作品を挙げて下さい。 出来ればコメントでその欠点部分とか個人的な希望とかを教えていただけると有り難いです。,塩羊羹,2003-12-20 13:12:47.770967+09,2002-06-16 23:06:47+09,メイサクニナリソコネタサクヒンシュウ,2007-07-29 10:35:12.765732+09,t,なりそこね,名作,f,4237,f,f
25,25,39,バグゲー,バグが最悪。そのままでは、まったくゲームにならず、修正ファイルを当てても完全じゃない。 あきらかにメーカーの怠慢が見て取れるゲーム。,KURU,2003-12-26 01:54:51.435054+09,2002-06-20 12:36:25+09,バグゲー,1900-01-01 00:00:00+09,t,バグ,ネガティブ,f,1066,f,f
26,26,40,歌がいいゲーム,オープニングテーマ、エンディングテーマ、挿入歌が素晴らしいゲーム,KURU,2003-12-26 14:23:17.055366+09,2002-06-20 20:10:54+09,ウタガイイゲーム,1900-01-01 00:00:00+09,t,歌がいい,音,f,10187,t,f
27,27,42,死生観,生と死の狭間で織り成すストーリーによって人生を考えさせるゲーム。メメント･モリ。,hare,2003-12-20 14:04:10.262296+09,2002-06-30 09:41:28+09,シセイカン,1900-01-01 00:00:00+09,t,死生観,ジャンル,f,4312,t,f
28,28,43,演出の光るゲーム,画面効果、音声効果を駆使し、センス溢れる演出をしているゲーム,KURU,2003-12-25 21:57:52.991095+09,2002-07-02 19:08:44+09,エンシュツノヒカルゲーム,1900-01-01 00:00:00+09,t,演出,ここがいい,f,10249,f,f
29,29,44,恐怖・ホラー・伝奇物,夏です。夏といえば怪談です。スリラーやオカルトなゲームを集めてみましょう。 (このPOVは夏に作られたものです。）,hare,2003-12-23 17:46:33.467515+09,2002-07-03 18:03:14+09,キョウフホラーデンキモノ,1900-01-01 00:00:00+09,t,ホラー・伝奇,ジャンル,f,3327,t,f
30,30,45,脇役が光るゲーム,主人公の友人や家族、非攻略可のサブキャラ等 脇役でありながら時には主役やヒロイン以上の 活躍を見せてくれる登場人物のいるゲームを,azumi,2003-12-25 22:59:30.590229+09,2002-07-15 19:39:35+09,ワキヤクガヒカルゲーム,1900-01-01 00:00:00+09,t,脇役がいい,キャラクター,f,9415,f,f
31,31,46,タイトルの良いゲーム,単にセンスがいいと思うタイトルのゲームや、 クリアした後に『このゲームにはこのタイトルしかない』 と思えるようなゲームを,azumi,2003-12-25 01:55:43.855251+09,2002-07-25 21:59:40.985419+09,タイトルノヨイゲーム,1900-01-01 00:00:00+09,t,タイトル,ここがいい,f,7571,f,f
32,32,47,ムービーが良い！(エロ動画除く),ＯＰデモムービー・ＡＤＶパート・バトルシーンなど、非Ｈシーンのムービーがよくできているゲームを登録してください。 ランク分けは「絵や動きの綺麗さ」「演出の良さ」「音楽との調和」等の総合でお願いします。 【注意】Ｈシーンを評価する場合は「エロ動画が良い！」に登録してください。 アニメの綺麗さのみが印象的なら「アニメが良い！(エロ動画除く)」だけに登録してください。,kkk,2003-12-25 22:59:30.456585+09,2002-07-26 22:19:16.543634+09,ムービーガヨイ,1900-01-01 00:00:00+09,t,ムービーがいい(非Ｈ),グラフィック,f,5728,t,f
33,33,48,伏線がしっかり回収されているゲーム,張られた伏線が最後にばっちり解決。 なるほど、そういうことだったのかと思わず納得してしまう、そんなゲーム。,Kyesee,2003-12-13 01:42:37.885963+09,2002-07-28 01:08:53.634729+09,フクセンガシッカリカイシュウサレテイルゲーム,1900-01-01 00:00:00+09,t,つじつまがあっている,シナリオ,f,6352,f,f
34,34,50,炉利(ロリ),そのうち誰か立てるだろうと思っていたのに誰も立てない。 おい、みんな、自分の欲望には正直になろうぜっ（笑。 ランク付けに関して 　Ａ：炉利メイン。んで炉利度満点。 　Ｂ：炉利メインだがＡには及ばず。または炉利メインではないが炉利シチュが極めて秀逸。 　Ｃ：炉利メインではないが炉利シチュに見るべきものがある。 　てな感じでお願いします。 　※炉利メインでも炉利度全然なら選外。  何が炉利度ってのは皆様の判断におまかせ。,ComPal,2003-12-12 05:15:31.259106+09,2002-07-30 02:29:54.085297+09,ロリ,1900-01-01 00:00:00+09,t,ロリ,女の子キャラクター,f,4496,t,f
35,35,51,続編、リメイク版がプレイしたい！,終わらせるのはもったいない、続編を作ってくれと思えるような世界観/設定を持ったゲーム、完全版プレイしたいな～と思うようなゲーム、更には昔の作品をリメイクしてほしい！と思えるゲーム。 続編（ファンディスク含む）、リメイク版の有無に関係なく、プレイしたくなるゲームを登録してください。 Ａ：ぜひプレイしたい ～ Ｃ：プレイするかも でお願いします。,hirorin,2003-12-25 21:06:17.671781+09,2002-08-02 13:54:02.11038+09,ゾクヘンリメイク,1900-01-01 00:00:00+09,t,続編希望,ゲームの内容外,f,8117,f,f
36,36,52,声が合ってない！,聞くだけで萎えるような声、演技力のなさすぎる声優、笑ってしまう挿入歌など、シナリオやゲームをぶちこわす声が入ってるゲーム,iso,2003-12-24 06:40:32.889345+09,2002-08-10 12:02:15.601117+09,コエガアッテイナイ,1900-01-01 00:00:00+09,t,声が駄目,音,f,978,f,f
37,37,54,年上スキー,キレーなお姉さんに甘えたい、優しくリードしてほしい、大人の色気に翻弄されたいなど。素敵でエッチなお姉さんが出てくるゲーム。,break brain,2003-12-24 01:28:51.46673+09,2002-08-15 03:14:49.0141+09,トシウエスキー,1900-01-01 00:00:00+09,t,年上,女の子キャラクター,f,2209,t,f
38,38,55,環境周りが快適,ゲーム本編以外のトコで手を抜かず、あなたのエロゲームライフを縁の下から、支えてくれる機能が充実しているゲームを登録してください。 評価対象例は環境設定の充実（オートモードの速度設定の細かさや、スキップのスピード等）、回想モード完備、メッセージウインドウが機能的＆美しい、インストール時や起動＆終了時が楽しげ等です。,break brain,2003-12-20 15:42:38.094552+09,2002-08-15 03:24:07.668933+09,カンキョウマワリガカイテキ,1900-01-01 00:00:00+09,t,環境周りが快適,ここがいい,f,4680,f,t
39,39,56,お口でGO!!,ズバリ”ふぇらちお”シーンがナイスなゲーム（最近はデフォだからね）。 A：このゲームから”ふぇら”シーンを取るなんて考えられない！！！ B：エロエロでナイスな”ふぇら”シーン完備！！ C：一見の価値ある”ふぇら”シーンが潜在、まぁ一度見てみる？てな感じで。,break brain,2003-12-25 21:06:17.529792+09,2002-08-15 03:40:46.144323+09,オクチデゴー,1900-01-01 00:00:00+09,t,フェラ,エロシーン,f,3721,f,f
40,40,57,シナリオがいいゲーム,普通にシナリオがいいと思ったゲームを登録してください！,ap2,2003-12-26 17:07:03.007553+09,2002-08-19 10:46:05.981675+09,シナリオガイイゲーム,1900-01-01 00:00:00+09,t,シナリオがいい,シナリオ,f,12900,f,f
41,41,59,♂×♂,そのまんま、エロゲなのにボーイズラブ要素のあるゲームを教えて欲しいです！エロ+CG有りはA、EDのみはB、雰囲気だけならCって感じでよろしくお願いいたします。,iso,2003-12-20 17:59:57.078094+09,2002-08-26 11:35:03.215898+09,ヤオイ,1900-01-01 00:00:00+09,t,ヤオイ,エロシーン,f,971,f,f
42,42,60,人外のヒロインが魅力的（人間以外のヒロインが魅力的）,設定上、人間では無いヒロインを登録してください。,KURU,2003-12-25 20:51:12.18276+09,2002-08-28 12:18:19.781352+09,ジンガイノヒロイン,1900-01-01 00:00:00+09,t,人間以外,女の子キャラクター,f,3357,t,f
43,43,61,名シーン・名台詞あります,その質は問わず、とにかく必見の価値のある名シーンや名台詞のあるゲーム,KURU,2003-12-25 23:17:58.045218+09,2002-09-15 11:48:03.602422+09,メイシーンメイゼリフアリマス,2004-03-01 17:25:20.804649+09,t,名シーン・名セリフ,ワンポイント,t,6879,f,f
44,44,62,淫乱へと落ちていく「過程」が楽しめるゲーム,調教やＨを重ねるごとに変化が見れる作品。 嫌悪→戸惑い→恥らい→淫乱と認める直前→淫乱→奴隷→人格崩壊　という過程がしっかりしているもの。 特に、中間の過程が重要。いきなり淫乱に早代わりだったり、ある部分では嫌悪剥き出し、他では淫乱といった矛盾が見られるものは×。 方法は特に限定しません。ヒロインの心理的変化と、その整合性が重要です。,thinking man,2003-12-24 05:37:30.852114+09,2002-10-08 03:39:04.725753+09,インランヘトオチテイクカテイガタノシメルゲーム,2006-12-31 04:12:01.488756+09,t,堕ちる過程,ジャンル,f,2090,f,f
45,45,63,ヒロインが異邦人（外国人）,文字通り設定上、外国人である魅力的なヒロインが登場する作品を登録してください。 ハーフ・クォーターでも外国人的なインパクトがあるならば登録可とします。 ABC基準はそのヒロインの印象好感度の度合いで投票をお願いします。,hirorin,2003-12-25 20:51:11.762896+09,2002-10-09 23:32:18.991439+09,ヒロインガイホウジン,1900-01-01 00:00:00+09,t,国際的,女の子キャラクター,f,1878,t,f
46,46,64,一般人にお勧めでないゲーム,気持ち悪いと感じたり、ある一部の人に受けの良いゲーム 難解すぎるゲーム,kim,2003-12-24 03:14:45.564889+09,2002-10-20 00:51:55.705143+09,イッパンジンニオススメデナイゲーム,1900-01-01 00:00:00+09,t,一般人に勧めない,傾向,f,3922,f,f
47,47,65,癒し系ゲーム,ストーリー・世界観・キャラ等、心が癒されるゲーム,karirin,2003-12-25 21:57:52.905537+09,2002-10-20 15:26:44.450242+09,イヤシケイゲーム,1900-01-01 00:00:00+09,t,癒し系,傾向,f,3446,t,f
48,48,66,メイドさん…,最近ふと思いました。どのゲームのメイドさんがみなさんの人気をかっさらっているのか。基準はそのゲームに出てくるメイドさんがどれだけ素晴らしいか、です。できればどのキャラかもコメントしてくださいね。Ａ．最高！惚れた！Ｂ．こいつはお勧め。Ｃ．・・・人によっては好きかも。でお願いします。,kev,2003-12-20 15:42:37.948897+09,2002-10-24 15:23:17.729618+09,メイドサン,1900-01-01 00:00:00+09,t,メイド,女の子キャラクター,f,3454,t,f
49,49,67,感動した（泣いてしまった）ゲーム,感動したゲーム・泣いてしまったゲームを登録してください,kazuya,2003-12-26 00:58:46.136059+09,2002-10-24 17:51:58.784992+09,カンドウシタナイテシマッタゲーム,1900-01-01 00:00:00+09,t,感動,傾向,f,9049,f,f
50,50,68,妊娠エロゲー,斎藤美奈子「妊娠小説」に触発されて作ってみました。 エロゲーがHするのを基本としている以上、その後の妊娠についても考えているゲームもあるのではないかと。 子作り万歳。,hare,2003-12-16 18:59:58.27283+09,2002-10-29 17:16:41.318499+09,ニンシンエロゲー,1900-01-01 00:00:00+09,t,妊娠,シチュエーション,f,2238,t,f
51,51,70,プログラム技術が高いゲーム,実際、技術力の高い低いなんて素人には判らないものだと思いますが、 率直に高いと感じたゲームをお願いします。 コンシューマーと比較するとどーにもなりませんけど(^^;,なっとう,2003-12-25 20:51:12.272057+09,2002-11-04 01:24:22.268817+09,プログラムギジュツガタカイゲーム,1900-01-01 00:00:00+09,t,プログラム技術,ここがいい,f,3366,f,t
52,52,72,主人公がダメ！,例えば、その性格がストーリーに必須でないにもかかわらず、妙に横柄だったり、逆に弱気すぎたりするもの。,TK,2003-12-26 01:21:59.701724+09,2002-11-04 10:53:39.793043+09,シュジンコウガダメ,1900-01-01 00:00:00+09,t,ダメ,主人公,f,6260,f,f
53,53,75,ゲテモノをつかったシチュエーション,野外での蟲をつかったプレイや、獣姦、触手ものといったゲテモノシチュエーションのゲームを集めています。,spherical,2003-12-24 07:57:49.133378+09,2002-11-26 14:43:45.586853+09,ゲテモノヲツカッタシチュエーション,1900-01-01 00:00:00+09,t,ゲテモノ(獣姦、触手等),エロシーン,f,1801,t,f
54,54,78,テキストGOOD,テキストが最高と思える作品。あくまでもテキストでシナリオではありません。卓越された文章力を持っている作品。そんな作品あげてみてください。,ryuuzi,2003-12-24 12:19:08.46714+09,2002-12-18 18:04:34.089699+09,テキストグッド,1900-01-01 00:00:00+09,t,テキストがいい,シナリオ,f,8352,f,t
55,55,80,Ｈシーンのある女の子がいっぱいいるよぉ,とにかくタイトルのごとく、攻略可否だのやシナリオだのこだわらずとにかくＨシーンが存在しているヒロイン数がいっぱいいる作品を登録してください。ＡＢＣ基準はとにかく登場する女の子の多さっぷりで印象に残る度合いでつけてきてください。,601212,2003-12-17 22:46:56.134609+09,2002-12-23 15:21:33.195311+09,エッチシーンノアルオンナノコガイッパイイルヨォ,1900-01-01 00:00:00+09,t,女の子いっぱい,傾向,f,2780,f,f
56,56,81,CGが美しいゲーム,ＣＧが美しいゲーム。背景のみ、キャラクターのみでも構いませんが、それぞれコメントで「背景」「キャラクター」など書いて頂けると参考になるかと思います。あとサイズが昔は640*480のゲームが多かったですが最近は800*600のものも増えてきました。CGのサイズも評価に入れて良いかと思います。ゲームはやっていなくても体験版などでCGが美しいと思った、と言う方も評価をお願いします。,kaziki,2003-12-25 21:57:53.1358+09,2002-12-23 20:23:11.47442+09,シージーガウツクシイゲーム,1900-01-01 00:00:00+09,t,CGが美しい,グラフィック,f,11747,t,f
57,57,83,着物・巫女・袴ゲー,着物や巫女衣装はたまた袴がメインな和服フェチなゲーム。 <<04.11.16 追加条件を削除しました>>,KTZ,2003-12-21 22:59:25.636802+09,2002-12-28 22:55:26.598873+09,キモノミコハカマゲー,2004-11-17 22:18:27.814722+09,t,着物・巫女・袴,女の子キャラクター,f,2555,t,f
58,58,84,男たちが集団で…(輪姦),ヒロインをまわしちゃうゲームです。 評価はエロ度とか、嫌がってる度合いとかで決めてください。,energy,2003-12-24 03:14:45.702811+09,2003-01-01 23:04:00.924123+09,オトコタチガシュウダンデリンカン,1900-01-01 00:00:00+09,t,輪姦,エロシーン,f,2942,t,f
59,59,86,ゲームバランスを評価するPOV,RPGちっくなゲームやパラメーターの上げ下げをするような類のゲームのゲームバランスを評価してみるPOVです。 ちなみに評価を「C」にした場合は「ラク過ぎて」なのか「難しすぎて」なのかも書いてあると皆もニッコリさんだと思いますｗ,sukesuke,2003-12-20 15:42:37.867171+09,2003-01-04 13:05:18.685916+09,ゲームバランスヲヒョウカスルピーオーブイ,1900-01-01 00:00:00+09,t,ゲームバランス,ゲーム性,f,1956,f,f
60,60,88,鬱ゲー,その名の通りゲームプレイ中､およびプレイ後に鬱ってしまうよーなゲームに対してつけてください。鬱るといっても単に悲しい気分になったり､物寂しい気分になったり、みたいなことでいいんであまり深刻に考えずにどうぞ☆Ａ，Ｂ，Ｃ判定は皆さんに任せます。,silent,2003-12-26 01:21:59.644318+09,2003-01-07 00:55:48.408951+09,ウツゲー,1900-01-01 00:00:00+09,t,鬱,傾向,f,4506,f,f
61,61,89,（熱く燃える）熱血系ゲーム,ほのぼの世界に萌えるのもいいけれど、ライバルとの熱い戦い、正義を貫く折れぬ心など とにかく世界観やシナリオやシーンなどで「熱い」血潮や気迫が感じられる作品の登録をおねがいします。 作品によってはアクションシーンで熱くなるものもあるかと思いますが、そちらは「戦闘描写（シーン）が印象的」に登録していただければ幸いです。 こちらはできればシナリオやシーン、キャラクターなどで「熱血」っぷりを感じさせる作品に重点を置いて登録願います。 ＡＢＣはその熱量でヨロシク！,neut,2003-12-23 17:46:33.258234+09,2003-01-10 18:05:55.008665+09,アツクモエルネッケツゲー,1900-01-01 00:00:00+09,t,熱血,傾向,f,4761,t,f
62,62,91,スカッとするゲーム(スカトロのあるゲーム),文字通り、スカトロ描写があるゲームです。,neige,2003-12-19 14:01:25.535437+09,2003-01-24 13:05:45.620068+09,スカットスルゲーム,1900-01-01 00:00:00+09,t,スカトロ,エロシーン,f,1186,t,f
63,63,96,アニメが良い！(エロ動画除く),Ｈシーン以外のアニメがよくできているゲームを登録してください。 エロゲにおいてフルアニメは稀で、ＯＰムービーやちょっとしたカットインでも貴重です。 ランク分けは絵の綺麗さ、動きの滑らかさ等でお願いします。 主に２Ｄアニメを対象にしています。 【注意】Ｈシーンを評価する場合は「エロ動画がいい！」に登録してください。 動画として総合的に素晴らしいなら「ムービーが良い！(エロ動画除く)」にも登録お願いします。,tomi,2003-12-19 04:29:53.541949+09,2003-02-14 17:54:55.401965+09,アニメガヨイ,1900-01-01 00:00:00+09,t,アニメがいい(非Ｈ),グラフィック,f,2108,t,f
64,64,97,締まりの悪いゲーム,物語の起承転結で『転』と『結』がダメなゲーム。 性急過ぎる・謎解きが途中まで・安直な展開と終わらせ方で、納得出来ない代物。 期待していた展開でなく、感動し損ねたゲーム。,kim,2003-12-26 01:21:59.682953+09,2003-02-17 02:04:40.327151+09,シマリノワルイゲーム,1900-01-01 00:00:00+09,t,『転』と『結』がダメ,ネガティブ,f,2451,f,f
65,65,98,オリジナリティが無い（または少ない）,シナリオや展開などにオリジナリティーが感じられなかったり、はっきり言ってパクリ、二番煎じだと思うゲーム。その際には元ネタもあわせてコメントしてくれると助かります。 ABC評価は他作品に総じて似ていると思ったらA、どことなく似ているならCという具合でお願いします。,Close-Combat,2003-12-13 00:42:07.335724+09,2003-02-18 23:59:34.986518+09,オリジナリティガナイ,1900-01-01 00:00:00+09,t,マンネリ,ネガティブ,f,1620,f,f
66,66,99,ディスクレス起動OK(ABCに御注意),ゲームを起動する際にディスクが要らないゲームの登録をお願いします。 　ＡＢＣ基準は、ディスクレス起動できても満足にプレイ出来なければ意味が有りませんので Ａ：無くても音楽、音声等機能に全く影響無くプレイできるもの Ｂ：無いと音楽、音声等一部機能に制限を受けるがそれでも許容できるもの(ＣＤ－ＤＡ等) Ｃ：無くても一応プレイできるが、機能制限や何らかの問題があって、その作品の魅力を著しく損なうもの という分類でお願いします。 　基本的にメーカー側の推奨環境を満たし、フルインストール、特殊な操作無しの方向で。 　もしパッチ等が必要でしたらコメントを頂けるとありがたいです。(ちなみに属性の「ディスクレス起動可」と併用しますと、より信頼できる情報になるかと思います),daitetu,2003-12-26 01:21:59.725775+09,2003-02-19 19:49:52.846892+09,ディスクレスキドウオーケー,2006-01-02 06:51:55.129183+09,t,ディスクレス可,システム,f,2221,f,f
67,67,100,タカビーお嬢ヒロインがいるゲーム,タカビーなお嬢、私個人的にツボです。燃えます。（萌えではありません。） 「生意気なお前を俺色に染めてやる！」という意気込みです。 攻略したときの征服感、達成感が快感。（攻略後は妙に素直になったりして、そこがまた可愛い・・・） そんなタカビーお嬢ヒロインがいるゲーム、教えてください。 ※タカビーでないお嬢様についてはお嬢様POVへどうぞ。,TK,2003-12-25 20:51:12.148057+09,2003-02-25 03:26:32.959019+09,タカビーオジョウサマガイルゲーム,1900-01-01 00:00:00+09,t,タカビーお嬢,女の子キャラクター,f,2094,t,f
68,68,103,濡れ場必要なし！,１８禁ゲームとくればエッチシーンはつき物だが、それを必要としないと思われるゲーム。むしろ、あると逆に不自然に感じられるゲーム。一般向けに開発してもよかったのではと思われるゲーム。,10das,2003-12-23 17:46:33.237258+09,2003-02-26 11:48:36.835691+09,ヌレバヒツヨウナシ,1900-01-01 00:00:00+09,t,Hシーン必要なし,ネガティブ,f,1803,f,f
69,69,105,18禁ならではの大人の物語,青春全開なストーリーも良いですが、登場人物の各々が一人の成熟した大人としての確固たる考えや行動が織り成していく人間模様の描写が深い物語をじっくり愉しむのもまた良いものでしょう。 ここではそういった大人の登場人物が多く登場する作品、あるいはそういった登場人物が見せる深い知識や見識がシナリオ全体に良い意味で深みを与えている作品があったら登録をお願いします。,spell,2003-12-23 17:46:33.207685+09,2003-02-27 20:01:39.797832+09,ジュウハチキンナラデハノオトナノモノガタリ,1900-01-01 00:00:00+09,t,大人,ジャンル,f,2475,f,f
70,70,106,中だるみする＆テンポが悪い,シナリオ作品の理想形は読み進む際の没入感とそれに伴うテンポの良さは欠かせないものですが、 残念ながら描写が単調、回りくどい、冗長的、あるいは展開のぶつ切れやパターンのくどさ、ゲームシステムやデザインの不備、などなどでそのテンポが損なわれており、結果作品としてマイナスに感じさせる作品も往々としてあると思います。 ここではそういったシナリオを読み進めていく点でどうしても乗り切れなった、中だるみしてむしろ苦痛だった作品をあげてください。 ＡＢＣ基準はこれらテンポの悪さが作品のマイナスイメージに大きくかかってきていると感じるネガティブベースの印象度でお願いします。,FLXR,2003-12-21 01:25:09.364648+09,2003-02-27 23:55:31.632815+09,ナカダルミスルテンポワルイ,1900-01-01 00:00:00+09,t,テンポ悪い,ネガティブ,f,2996,f,f
71,71,108,母乳が出るゲーム,ヒロインが胸から出すミルクを激しく吸いまくるようなシチュが見たい。乳が出る原因は妊娠でも薬でも魔法でもオケ。BISHOPの擬似母乳は画面を派手にするための演出で、乳汁として扱われてないのでＮＧ。女子高生や成人女性でもいいが、女子小学生が母乳を出すとか妊娠するようなパタンならウルトラオッケー。胸が胴体より巨大化して機械で搾乳するようなのは人間だか化けモノだかわからないのでＮＧ。健康な女の子から出るおいしそうなミルクを飲みたいデス。,inoue,2003-12-09 12:01:22.279651+09,2003-03-05 12:45:23.898606+09,ボニュウガデルゲーム,1900-01-01 00:00:00+09,t,母乳,エロシーン,f,1526,t,f
72,72,109,狂気をテーマにしているゲーム,登場人物の言動や物語の世界が狂っている、または精神的に破滅していると思われるもの、狂気をテーマにしているものなどを挙げてください。作者側が意図して狂った様子を表現しようとしているものに限ります。,kaziki,2003-12-20 01:38:50.326409+09,2003-03-07 06:22:26.96377+09,クルッタゲーム,1900-01-01 00:00:00+09,t,狂気・猟奇,ジャンル,f,3767,t,f
73,73,110,シナリオ全般とエロのバランスが良い,エロゲーの基本かつ重要なポイントは、やはりシナリオとエロに尽きると思います。 　本POVではそんな考えの元、「どちらかに的を絞るのも良いけど、両立させてこそ一本の｢エロゲー｣として成立するのでは…」というような思いを満たす為の、シナリオもエロも楽しめる欲張りゲームの登録をお願いします。 　登録作品の例、目安としましては ・複数回Ｈ、濃厚Ｈがある純愛作品 ・エロ重視ではあるが、意外と読ませる ・シナリオに対しエロ(性的描写)が不自然無く調和している ・純愛、陵辱両ルートがある作品 という感じです。,daitetu,2003-12-25 20:51:12.085699+09,2003-03-10 02:58:33.68317+09,シナリオゼンパントエロノバランスガヨイ,2006-01-02 06:47:30.045913+09,t,シナリオとエロのバランス,ここがいい,f,5370,f,f
74,74,112,キャラの立ち絵造形が良い,せっかくギャルゲーやるのなら女の子たちと目で会話したいなあと。 きれいな女の子が出てきても立て看にしか見えないのでは張り合いがないので、相手が血の通った人間に見えるかどうか教えてほしいです。 このＰＯＶでは一枚絵以外のキャラ絵（以下立ち絵）を主たる評価の対象とします。 造形の良さやオリジナリティ高い作品を評価してください 立ち絵のヴァリエーションの多寡、クオリティー、テキストとの整合性など気がついたことについて書いてもらえればと思います。,d_bellypha,2003-12-25 21:57:53.242123+09,2003-03-17 17:10:18.95181+09,キャラノタチエゾウケイガヨイ,1900-01-01 00:00:00+09,t,立ち絵がいい,グラフィック,f,6621,f,f
75,75,113,攻略難度高い作品,選択肢やフラグの条件がシビア、クリアの為の謎賭けや条件がシビア過ぎて骨が折れる・手こずるなど、正直攻略ページのお世話なしじゃないとクリアが厳しい作品など、素でプレイするにはコンプリートはもとよりクリアするのもたいへんな作品を登録してください。,10das,2003-12-26 04:00:23.921918+09,2003-03-18 15:56:22.936268+09,コウリャクナンドタカイサクヒン,1900-01-01 00:00:00+09,t,難しい,ネガティブ,f,2535,f,f
76,76,114,高スペック必要,"動作にはある程度のスペックを要求するゲーム。ちょっと前のパソコンじゃ話にならない。インストール容量が膨大だったり、高いCPU,メモリ能力を必要としたり。",10das,2003-12-24 08:01:01.54026+09,2003-03-18 16:32:31.472427+09,コウスペックヒツヨウ,1900-01-01 00:00:00+09,t,高スペック要,システム,f,1738,f,t
77,77,116,バカゲー,シナリオやキャラ、設定、そしてノリがあまりにもバカでツッコミどころが多く、思わず（いろいろな意味で）笑ってしまうようなゲーム,ujo,2003-12-21 03:22:26.140064+09,2003-03-27 02:53:44.357278+09,バカゲー,1900-01-01 00:00:00+09,t,バカゲー,傾向,f,3113,t,f
78,78,117,真の漢は背中で語る、ダンディズム,軟弱な主人公が跳梁跋扈しているこの時代に、真の漢たる気質がビリビリと伝わってきたキャラが出演しているゲームの登録をお願いします。主人公、サブキャラ、チョイ役まで全てのキャラが対象です。頭脳明晰のクールメンや、むさ苦しいほどの熱血野郎、そして大人の魅力を持つ素敵な小父様などなど、真の漢たちを教えてください。,Skip,2003-12-20 15:42:37.82357+09,2003-03-30 14:20:02.998945+09,シンノオトコハセナカデカタルダンディズム,1900-01-01 00:00:00+09,t,漢,キャラクター,f,3319,t,f
79,79,120,家族っていいなぁ,様々な作品の中で「家族」をテーマにした作品や、舞台設定としての「家族」の円満ぶりや「絆」の強さなどがシナリオをひきたてている良い作品がたくさん登場しています。 ここではそういった「家族の絆」が印象的な作品を集めてみたいと思います。 実・義理・込み入った事情の同居や居候などパターンは多いですが、「家族」の印象が強い作品であればその形態にはこだわらずにいきたいと思います。,gaogaogao改め烏賊悪魔,2003-12-25 21:57:53.074287+09,2003-04-11 13:43:01.861525+09,カゾクッテイイナァ,1900-01-01 00:00:00+09,t,家族,傾向,f,3867,t,f
80,80,121,女の子同士,男なんて必要ありません。要はレズプレイがあればなんでもアリです。そんな作品を求めます。評価の基準ですが、AとBは皆さんの自由に評価してください。ですが、 女の子同士でも、あまり絡んでいないものはCにしてください。,akk,2003-12-22 01:22:23.501494+09,2003-04-14 16:43:22.572049+09,オンナノコドウシ,1900-01-01 00:00:00+09,t,レズ,エロシーン,f,2710,t,f
81,81,122,調教の『虜』,調教描写があるゲーム、主に調教ゲーを登録してください。 本POVは、服従させるために、殴る、犯す、縛る、吊るす、打つ、刺す、剃る、浣腸など物理的な行為だけではなく、SSDのような心理水準のやり取りも調教と見なします。SSDは、ある意味で究極の調教ゲーだし。 調教はそのプロセスこそ命。 目的を達成するまでの過程が丹念に描かれていなければならない。レイプしてちょこちょこっと嬲ったら服従するようなゲームはちょっと勘弁。薬漬けでは張り合いがないのでつまらない。やはり獲物の反抗的な態度や泣いて嫌がる姿を見たい。簡単に屈伏してはつまらない。 その道のりが険しければ険しいほど辿り着いた時の達成感・満足感は何ものにも変え難い。堪らんよ、ほんと。 あと調教という現実で殆んど有りえない非日常の事柄だからこそ、リアリティの有無は重要なポイントの一つだと思う。有ると無しでは調教行為の面白さに差が出る。むろん有る方が断然楽しいし、やりがいがある。 余り数はありませんが、始めから相手が調教に肯定的な場合は、シチュ的にそそるかどうかを評価の基準にしてください。 ……えーと、「調教するより、調教されたい」という方向も一応ありです。はい。,Skip,2003-12-24 04:00:51.113125+09,2003-04-16 20:49:58.95905+09,チョウキョウノトリコ,1900-01-01 00:00:00+09,t,調教,ジャンル,f,1037,t,f
82,82,124,女の子に襲われちゃう,キレイなお姉さんの童貞狩り、女王様からの調教、年下に強制射精させられちゃうなど、女性主導のＨが楽しめる作品の登録をお願いします。,roo,2003-12-21 15:20:15.238299+09,2003-05-04 13:31:21.776183+09,オンナノコニオソワレチャウ,1900-01-01 00:00:00+09,t,女の子に襲われる,エロシーン,f,2993,t,f
83,83,126,夏ゲー,眩しい日差し、蝉の声、生い茂る緑、風鈴の音、海水浴、西瓜、花火…そんな日本人のノスタルジーを思いっきり掻き立てる「夏」を舞台にしたゲーム。だいたい基準はこんなかんじで。 Ａ：夏という要素をシナリオ、演出に非常に効果的に取り入れている。夏でなければこの作品は成立しない。 Ｂ：夏という要素をシナリオ、演出にそこそこ効果的に取り入れている。夏という要素を抜くと作品の魅力もやや減る。 Ｃ：季節が夏であるだけ。,tsuki,2003-12-21 01:25:09.21719+09,2003-05-09 17:07:41.381557+09,ナツゲー,1900-01-01 00:00:00+09,t,夏,背景,f,3601,t,f
84,84,127,愛を確かめ合う初々しいぇち,コンシューマでできない愛の形がエロゲにはあるべきだという考えに基づいたPOVです。 ABCに着いての評価は登録者に依りますが、C評価としてめちゃくちゃなエロや鬼畜やらを登録するのはこのPOVの趣旨に反していますので別のPOVでどうぞ。,gaogaogao改め烏賊悪魔,2003-12-25 21:57:52.744193+09,2003-05-10 00:32:51.058068+09,アイヲタシカメアウウイウイシイェチ,1900-01-01 00:00:00+09,t,初々しいH,エロシーン,f,5326,f,f
85,85,128,ゴールが一つだけのゲーム,マルチシナリオというのは、何度もプレイするのが面倒だとか、全体の統一を欠いてしまいがちなど多くの欠点を持っているものです。そこで、最終的なゴールが一つだけのゲームを集めてみたいと思い、このPOVを作りました。評価基準は A　エンディングが一つだけのゲーム。 B　細かい枝分かれはあるが基本的な筋は一本のゲーム。 C　エンディングは複数存在するが、一つのTrue Endのようなものが存在する。でお願いします。,energy,2003-12-16 02:41:55.942017+09,2003-05-11 05:35:14.277217+09,ゴールガヒトツダケノゲーム,1900-01-01 00:00:00+09,t,ゴールが一つだけ,シナリオ,f,6033,f,f
86,86,131,システムが斬新なゲーム,ゲームのシステムはどれも似たようなシステムを使っています（特にADVに顕著です）が、時折そんな一般的なもの以外に、斬新なシステムを採用しているゲームがあります。そんなシステムに独自性が見られるゲームをこのPOVに登録してください。,ujo,2003-12-23 17:46:33.18935+09,2003-05-22 13:33:24.824012+09,システムガザンシンナゲーム,1900-01-01 00:00:00+09,t,システムが斬新,ワンポイント,f,1871,f,f
87,87,132,クリア後、本編以外のお楽しみ,ゲームの本編とは別の、例えばクリア後のおまけやマニュアル等の商品付属物、さらにはファンディスク、アンソロジー本、小説、ドラマＣＤ、サントラ、アニメ作品等々の関連作品があるゲームの登録をお願いします。 　ＡＢＣ評価はおまかせしますが、その充実度や面白さが基準になるかなぁと思います。 　ＰＯＶの内容が内容ですので、コメントで何が良かったか詳しく書いて頂けるとありがたいです。,daitetu,2003-12-16 01:37:57.187947+09,2003-05-24 13:48:27.484221+09,クリアゴホンペンイガイノオタノシミ,2005-10-17 12:29:53.556475+09,t,本編以外のお楽しみ,ゲームの内容外,f,4528,f,f
88,88,133,オッパイ星人万歳なエロゲー,登場するヒロインの全員あるいは大多数が巨乳・爆乳ヒロイン尽くしな作品を登録してください。 ヒロインのバストがリアリティがなくたってそれも浪漫、巨乳好きでない人にはそれがわからんのです。 とにかくヒロインの乳いっぱいの世界さえ全開ならば条件は問いません。 ABC基準は巨乳要素満載の点での魅力度・お勧め度で投票お願いします。,S/O,2003-12-12 08:21:49.026508+09,2003-05-29 03:15:52.54866+09,オッパイセイジンバンザイナエロゲー,1900-01-01 00:00:00+09,t,おっぱい,女の子キャラクター,f,2477,t,f
89,89,134,魅力的なヒロインがいるゲーム,皆さんのお気に入りのヒロインとその理由を教えてください！,tatuya,2003-12-25 21:02:20.063578+09,2003-05-29 10:52:22.287112+09,ミリョクテキナヒロインガイルゲーム,1900-01-01 00:00:00+09,t,魅力的なヒロイン,女の子キャラクター,f,7588,f,f
90,90,135,埋もれている名作,埋もれている名作、あまり世間に知られてないけどこれはもっと評価されるべきだ！！と思うゲームを教えてください！,tatuya,2003-12-20 01:31:55.415549+09,2003-05-29 10:59:25.245196+09,ウモレテイルメイサク,1900-01-01 00:00:00+09,t,埋もれている名作,名作,f,5243,f,f
91,91,137,このキャラクターが不快（または単純に、ぶち壊し）,シナリオが良い作品、楽しめた作品のその影でひっそりと存在するどうしても気に入らない登場キャラクター。性格、言動、考え方など内容は問いませんのでどうにも受け容れられないキャラクターがいるなら投票とコメントをお願いします。 ABC基準はその嫌いなキャラクターが作品を楽しむ点でダメージを与える印象度でつけてください。,bondo2001,2003-12-21 00:53:59.47285+09,2003-05-30 21:25:10.690026+09,コノキャラクターガフカイ,1900-01-01 00:00:00+09,t,特定キャラ不快,ネガティブ,f,3735,f,f
92,92,139,誰だよ！このタイトル考えたの！,聞いた瞬間に食べているものを噴き出してしまいそうなタイトル、店で予約するときに 口に出すのが躊躇われるようなぶっ飛んだタイトルの作品。,people,2003-12-21 01:25:09.144614+09,2003-06-01 23:47:35.120344+09,ダレダヨコノタイトルカンガエタノ,1900-01-01 00:00:00+09,t,ぶっ飛んだタイトル,ワンポイント,f,1675,t,f
93,93,143,焼きもち万歳,ヒロインの「焼きもち」。可愛いですよね。 そこでヒロインの焼きもちが印象的な作品を登録してください。 ABC基準はそのヒロインの焼きもちの焼きっぷりが萌え転がるほどインパクトある度合いで投票をお願いします。,kachuyuki,2003-12-17 13:21:31.103577+09,2003-06-22 00:45:07.711114+09,ヤキモチバンザイ,1900-01-01 00:00:00+09,t,焼きもち,女の子キャラクター,f,3220,f,f
94,94,144,春ゲー,季節感溢れるゲームはその季節にプレイしたいもの。春を舞台にしたゲームを登録してください。 基準は Ａ：春という要素をシナリオ、演出に非常に効果的に取り入れている。春でなければこの作品は成立しない。 Ｂ：春という要素をシナリオ、演出にそこそこ効果的に取り入れている。春という要素を抜くと作品の魅力もやや減る。 Ｃ：季節が春であるだけ。 （「夏ゲー」の基準を使わせてもらいました）,corundum,2003-12-10 17:55:47.196446+09,2003-06-24 17:10:53.636771+09,ハルゲー,1900-01-01 00:00:00+09,t,春,背景,f,1225,t,f
95,95,145,秋ゲー,季節感溢れるゲームはその季節にプレイしたいもの。秋を舞台にしたゲームを登録してください。 基準は Ａ：秋という要素をシナリオ、演出に非常に効果的に取り入れている。秋でなければこの作品は成立しない。 Ｂ：秋という要素をシナリオ、演出にそこそこ効果的に取り入れている。秋という要素を抜くと作品の魅力もやや減る。 Ｃ：季節が秋であるだけ。 （「夏ゲー」の基準を使わせてもらいました）,corundum,2003-12-10 13:31:40.281637+09,2003-06-24 17:11:53.026094+09,アキゲー,1900-01-01 00:00:00+09,t,秋,背景,f,963,t,f
96,96,146,冬ゲー,季節感溢れるゲームはその季節にプレイしたいもの。冬を舞台にしたゲームを登録してください。 基準は Ａ：冬という要素をシナリオ、演出に非常に効果的に取り入れている。冬でなければこの作品は成立しない。 Ｂ：冬という要素をシナリオ、演出にそこそこ効果的に取り入れている。冬という要素を抜くと作品の魅力もやや減る。 Ｃ：季節が冬であるだけ。 （「夏ゲー」の基準を使わせてもらいました）,corundum,2003-12-25 23:49:57.722681+09,2003-06-24 17:12:49.349918+09,フユゲー,1900-01-01 00:00:00+09,t,冬,背景,f,3142,t,f
97,97,148,着衣・コスプレＨに見どころあり,制服、私服、コスプレ、ミミシッポ、巫女服、メイド服‥‥‥ とにかくＨシーンの場面にて着衣Ｈ（半脱ぎＨ）の点で一見の価値ありという作品を教えてください。 Ｈシーンの内容・衣装についての熱いコメントは熱烈歓迎です。,塩羊羹,2003-12-25 21:06:17.681344+09,2003-06-29 20:36:40.768963+09,チャクイコスプレエッチニミドコロアリ,2005-01-23 10:41:54.69031+09,t,着衣Ｈ,エロシーン,f,2749,t,f
98,98,150,リアルな近未来,名目上、「未来」だと行っているのに、携帯もなければインターネットも出てこない・・・ せいぜいキャラとしてロボットが出てくるぐらい・・ んなの未来じゃねぇ！パラレルワールドだ！ このPOVは「今に連続した未来」を書いている作品に捧げられる物であります。 基本的にAしかあり得ないと思うのですが、 「未来を銘打ってるのに、なんか違うぞ？」って言う作品にはCをあげてください。,spell,2003-12-10 14:21:30.678891+09,2003-07-05 09:48:12.83527+09,リアルナキンミライ,1900-01-01 00:00:00+09,t,近未来,ジャンル,f,1364,t,f
99,99,151,舞台が田舎,畦道を歩いて学校に通い、生徒はみんな顔見知り。秋には村で唯一の神社でお祭りがあり、言い伝えや風習も残っている。日本人の原風景、田舎を舞台にしたゲーム。,clowes,2003-12-18 04:03:48.584387+09,2003-07-06 14:01:41.883639+09,ブタイガイナカ,1900-01-01 00:00:00+09,t,田舎,背景,f,3564,t,f
100,100,152,「あまりにも」ご都合主義な展開,何から何まで揚げ足をとるつもりじゃないけれど、何かと甘々な設定でともすればご都合主義と感じたくなる作品の設定、展開やシチュエーション。 多少のご都合主義はお約束ということで目をつぶるにしても、でも正直これはどうしても納得できない、むしろシナリオの質を落としている、作品ぶち壊しと感じさせるほど目に余るご都合主義が横行しているのもまた確か。 ここではそんな「あまりにも目に余る」ご都合主義でどうしようもないくらいうんざりした、呆れたなどネガティブな印象がするくらい、ご都合主義に感じた作品を登録してください ABC基準はご都合主義ぶりが作品を大きく台無しにしていると感じる度合いで登録お願いします。,ujo,2003-12-26 01:21:59.663547+09,2003-07-08 20:28:43.88775+09,アマリニモゴツゴウシュギナテンカイ,1900-01-01 00:00:00+09,t,ご都合主義,ネガティブ,f,4512,f,f
101,101,155,作業プレイなゲーム,ゲームのプレイがほとんど終わらせる為の作業と化しているような、やっていて苦痛に感じるゲームをこのPOVに登録してください。,ujo,2003-12-16 07:49:30.65762+09,2003-07-16 15:02:10.96604+09,サギョウプレイナゲーム,1900-01-01 00:00:00+09,t,作業プレイ,ネガティブ,f,3100,f,f
102,102,156,悪役たる悪役,ゲームにはほとんどといっていいほど悪役が存在します。 「こいつ、やばいよ・・・」と思わせてくれるような冷徹非情な悪役が出てくるゲームの登録をお願いします。,ceil,2003-12-23 21:42:15.819388+09,2003-07-16 22:13:42.212819+09,アクヤクタルアクヤク,1900-01-01 00:00:00+09,t,悪役,キャラクター,t,5345,t,f
103,103,157,戦闘描写（シーン）が印象的,おおよそのエロゲーは日常の様々な舞台の中で印象的なシーンを多いですが、中には現代日本ではまず存在しない「戦い」の世界ならではで、その「戦い」の場面で様々なシーンが印象に残る作品もあるかと思います。 時代・次元・戦う相手や仲間同士のフィクション性は問いません。 とにかく「戦いの世界」やそのシーンを通じて感銘を与えてくれた作品をあげてください。,aoitori,2003-12-26 04:00:23.819124+09,2003-07-26 17:06:33.908319+09,セントウビョウシャガインショウテキ,1900-01-01 00:00:00+09,t,戦闘,傾向,f,4719,t,f
104,104,163,ヴィヴァ！学園物！,エロゲー中定番ジャンルの中では欠かせない学園もの 昔懐かしい甘酸っぱい恋愛ものから、青春描写満載のものなど、学園生活ならではのイベントやドタバタなエピソードの描写が良い作品をあげてください。 舞台となる学園のフィクション性は問わずに、ＡＢＣ基準は学園ものとして愉しめた度合いで判定してください,ap2,2003-12-24 15:36:31.651345+09,2003-08-06 00:39:10.934771+09,ヴィヴァガクエンモノ,2004-02-25 22:55:01.218947+09,t,学園,ジャンル,f,4913,t,f
105,105,167,不思議世界に戸惑うキャラ達,同じ時間を繰り返す、未来から戻れない、平行世界、人格の転移、現実と幻覚。 などなど不思議世界の設定は色々あります。 しかし、それに最初から馴染んでいるというのは不自然。「これは面白い、ワーイ」ではなく「何でこんなことに、どうなってるんだ」という世界観から始まるものがいいです。 不思議世界にさまようことになったキャラの、心理描写におけるリアリティを特に重視します。,thinking man,2003-12-20 15:42:37.741269+09,2003-08-08 05:12:47.148208+09,フシギセカイニトマドウキャラタチ,2006-12-31 04:26:36.657774+09,t,不思議世界,背景,f,1509,t,f
106,106,169,変な口癖,変わった喋り方や口癖、決り文句を持つキャラクターがいるゲームの登録をお願いします。,jaenczpw,2003-12-22 01:20:57.845035+09,2003-08-10 01:52:49.517201+09,ヘンナクチグセ,2003-12-26 15:51:20.32532+09,t,変な口癖,キャラクター,f,3513,t,f
107,107,172,前作をやってから,前作をやってからプレイしないと話の内容がまったく掴めない、というようなゲームは余りありませんが、それでも前作をやっていれば世界観がより理解できるとか思わず二ヤリとしてしまうようなネタが散りばめられている、というようなことはあるかと思います。 このゲームをプレイする前に前作をプレイすればより楽しめる、そんなゲームをこのPOVに登録してください,ujo,2003-12-25 20:51:12.132531+09,2003-08-17 10:57:44.450115+09,ゼンサクヲヤッテカラ,2003-12-26 15:51:20.32532+09,t,前作をやってから,条件,f,5212,f,f
108,108,174,春夏秋冬、複数の季節,複数の季節が表現されているゲームを登録してください。 季節感がうまく表現されていると思うものはＡでお願いします。 下記は、参考程度でお願いします。 ・夏服・冬服など、季節に合わせた服装がある。 ・正月・海・クリスマスなどのイベントがある。 ・梅雨、台風、雪などの季節特有の天気がある。 ・暑い時期と寒い時期がある。 ・１年以上の戦略・経営シミュレーション（季節感あり） ・１年近くの学園生活,jaenczpw,2003-12-04 12:37:18.596544+09,2003-08-22 00:47:44.997653+09,シュンカシュウトウ、フクスウノキセツ,2004-02-29 01:20:03.784725+09,t,四季,背景,f,1225,t,f
109,109,176,隊長！ 地雷を発見しました！(クズゲー),買ったことを激しく後悔する内容のゲーム。あからさまなトラップから巧妙に偽装しているものも含めて。核地雷をA、対人地雷をB、不発弾をCでお願いします。,takuya69,2003-12-24 00:50:48.938077+09,2003-08-23 05:59:38.609998+09,タイチョウ,2003-12-26 15:51:20.32532+09,t,地雷,ネガティブ,f,3011,f,f
110,110,177,心に残るバッドエンド（ネタバレ注意＋補足説明を参照願います）,この空間での皆さんの評価はグッド、或いはトゥルーエンドの影響が大きいのではないかと密かに邪推します。 しかし、グッドやトゥルーエンドを超えるバッドエンド、などもありますよね。 というわけで、味わい深いバッドエンドのあるゲームの登録をお願いします。 Ａ：True(Good)エンドを越える Ｂ：True(Good)エンド並 Ｃ：True(Good)エンドに及ばないが、一見の価値有り 以降追加 ・・・ここに登録する際は「バッドエンド」限定で、「ノーマルエンド」や「トゥルーエンド」については言及しないで下さい。ネタバレを避ける意味合いを込めています。,35261624,2003-12-13 20:35:37.870703+09,2003-08-24 18:36:48.768193+09,ココロニノコルバッドエンド,2004-03-09 21:29:45.275796+09,t,心に残るバッドエンド,ワンポイント,t,3114,f,f
111,111,180,共通シーンが長い,個別ルートに入るまでの共通シーンが多く、繰り返しプレイをしても変化する部分がほとんど無いゲームを登録してください,ujo,2003-12-24 12:19:08.27096+09,2003-08-25 09:39:37.523568+09,キョウツウシーンガナガイ,2003-12-26 15:51:20.32532+09,t,共通シーンが長い,条件,f,3860,f,f
112,112,182,入手が困難なゲーム,単純に絶対数が少ないゲームから 同人ゲーム、プレゼント用の非売品、通販専用などの 流通経路が特殊で普通の店では買えないゲーム 中古店で高額な値段がついてしまい 簡単には購入に踏み切れないようなゲーム やってみたくても簡単には入手できないゲームを登録してください。 入手が困難なものほど高いランクにお願いします。 入手方法や特性(同人、非売品、高額ソフト、限定品など)もコメントしてもらえれば幸いです。,KURU,2003-12-13 01:42:37.059568+09,2003-09-05 20:28:40.087795+09,ニュウシュガコンナンナゲーム,2004-01-17 05:58:42.839765+09,t,入手困難,条件,f,782,f,f
113,113,185,聖水(おしっこ),おしっこのことです（笑。ＰＯＶになかったので、作ってみました。いろんなバリエーションがあるので、どんなプレイか分かると便利です。登録お願いします。,ap2,2003-12-14 18:40:44.010339+09,2003-09-06 13:57:39.18916+09,セイスイ,2004-02-12 00:29:02.540596+09,t,おしっこ,エロシーン,f,3104,f,f
114,114,190,起動ディスクが必要,既にPOV「ＣＤ無くてもＯＫなゲーム」がありますが、このPOVが登録されていない場合、CDが必要なのか、単に登録されていないだけなのかが分かりません。 　また、インストールオプションがある場合、どれが最善かわからない場合があります。（特にノートPCで仮想CDを使っている場合等） 　そこで、起動ディスクが必須のゲームについて、下記の分類でお願いします。 Ａ：フルインストールしても起動ディスクが必要なもの。（詳細を失念された場合は、これにして下さい） Ｂ：インストールオプションで、ディスクからデータを読ませる代わりにインストール容量を減らせるもの。 Ｃ：フルインストールが出来ないもの。（必ずディスクからデータを読むもの）,Cth,2003-12-25 22:54:56.153651+09,2003-09-12 11:31:12.656543+09,キドウディスクガヒツヨウ,2004-01-08 16:51:17.950015+09,t,起動ディスク要,システム,f,1990,f,f
115,115,192,魅力的な攻略不可キャラクター,魅力的なのに攻略ができないキャラクターがいるゲームの登録をお願います。,jaenczpw,2003-12-16 07:49:30.372866+09,2003-09-15 00:43:01.940756+09,ミリョクテキナコウリャクフカキャラクター,2003-12-26 15:51:20.32532+09,t,魅力的だけど攻略不可,女の子キャラクター,f,6448,f,f
116,116,193,主人公がバトルに強い！,主人公が、殴り合い。喧嘩。生死を賭けた戦い。殺し合い。などに強いゲーム！精神的に強いとかは却下で、肉体的、本能的に強いってのを評価する方向でお願いします。,kyooo,2003-12-23 17:46:33.135985+09,2003-09-20 00:20:42.535322+09,シュジンコウガバトルニツヨイ,2003-12-26 15:51:20.32532+09,t,強い,主人公,f,6353,t,f
117,117,194,背景設定の深いゲーム,伏線・背景設定に深みのある作品 説明文を「良いシナリオ作品に必要な要素はいろいろありますが、その中でシナリオに張り巡らされた様々な伏線に唸らされたり、じっくり練りこまれた背景設定に深みのある作品はじっくりとシナリオを味わえるたのしむみがあると思います。ここではそんな伏線や背景設定の練りこみがシナリオのよさを磨き上げている作品をあげてみてください。」に変更します。,KURU,2003-12-20 15:42:37.671076+09,2003-09-20 02:05:14.973324+09,ハイケイセッテイノフカイゲーム,2003-12-26 15:51:20.32532+09,t,背景設定が深い,背景,f,3581,f,f
118,118,198,舞台が「過去」,物語の舞台そのものが昔の時代の作品、あるいは過去の回想シーン・過去パートなどがストーリーそのものに大きな影響を与えている作品など過去の時代の描写が行われている作品の登録をお願いします。,ap2,2003-11-25 20:10:56.658589+09,2003-09-26 15:57:12.420108+09,ブタイガカコ,2004-02-25 22:57:56.166727+09,t,昔話,ジャンル,t,1762,t,f
119,119,200,3P以上バンザイ,ゲーム中に3P・それ以上のプレイがあれば登録お願いします。 よろしければコメントに簡単なシチュエーションを記入願います 例：姉妹丼・親子丼・親友丼・・・等,37564,2003-12-25 21:06:17.621592+09,2003-09-30 18:35:36.906228+09,サンピーバンザイ,2004-01-27 23:52:37.026345+09,t,3P,エロシーン,f,3331,t,f
120,120,205,ヤリゲー,設定もイベントも、全てHシーンに持っていくためだけにあるようなゲームがあります。そんな、Hシーンを抜いたら何も残らなくなってしまうような、ひたすらHシーンだけが続くゲームを登録してください,ujo,2003-12-15 19:34:25.216143+09,2003-10-15 15:43:47.54141+09,ヤリゲー,2003-12-26 15:51:20.32532+09,t,ひたすらHシーン,傾向,f,1920,f,f
121,121,211,寝取られ属性,エロゲ業界は主に純愛、鬼畜の２大勢力になり、数が減ってしまいましたが、主にプレーヤーの嫉妬心をかきたてるゲームです。 ・ヒロインが浮気をする。 ・スワップ。 ・純粋にライバルや別の女の子に取られる等、 女性キャラが主人公以外とＨする内容のある濃い～ゲーム。 ＡＢＣ評価は個々の興奮度でお願いします。,nanaplaza,2003-12-25 20:51:12.203561+09,2003-11-13 15:43:49.043126+09,ネトラレゾクセイ,2006-03-03 18:09:18.941109+09,t,寝取られ,シチュエーション,t,1929,t,f
122,122,214,魅力に溢れた幼なじみ,妹やメイドさんや魔女っ子もいいけどやっぱりコレでしょ。 ずばり幼馴染！！ 幼い頃からずっと健気に付いてきてくれる彼女の何と素晴しいこと！ そんな幼馴染の魅力に溢れたキャラがいる作品の登録をお願いします。 気の強い委員長タイプから健気で一途な感じもＧＯＯＤですね！,ap2,2003-12-26 02:10:44.401629+09,2003-11-15 23:47:38.377221+09,ミリョクニアフレタオサナナジミ,2004-09-12 09:41:09.773002+09,t,幼馴染,女の子キャラクター,f,3744,t,f
123,123,216,アナルSEXのあるゲーム,アナルＳＥＸが頻繁にあるゲームをＡ 少しはあるゲームをＢでおねがいします。,1833,2003-12-24 04:00:50.966312+09,2003-11-16 20:02:55.068778+09,アナルセックスノアルゲーム,2003-12-26 15:51:20.32532+09,t,アナル,エロシーン,f,3747,t,f
124,124,219,バカップル万歳,主人公とヒロインが付き合い始めてから人目をはばからずに呆れるほどのバカップルっぷりを発揮して、何だか見ている側が恥ずかしくなってくる。そんなゲームを登録してください。,ujo,2003-12-21 04:23:15.866793+09,2003-11-28 10:11:15.220896+09,バカップルバンザイ,2003-12-26 15:51:20.32532+09,t,バカップル,シチュエーション,f,4528,f,f
125,125,225,自慰美少女シーンのあるゲーム,ヒロインが自慰しているシーンのあるゲーム。 自発的なのか、主人公の強要によるのかについて、そのあとどうなったのかについて教えてください。,Tama,2003-12-23 18:50:13.497433+09,2003-12-07 13:13:04.227859+09,ジイビショウジョシーンノアルゲーム,2003-12-26 15:51:20.32532+09,t,自慰,エロシーン,f,2776,t,f
126,126,226,看護婦さん…,巫女やメイドもいいけどエロゲにおいて結構多いのがこの看護婦という役職。すばらしき「献身」の世界へと誘ってくれるゲームを登録して下さい。なんか、鬼畜が多い気がしますが…気のせい？,track,2003-12-24 13:38:20.155389+09,2003-12-07 14:14:22.878548+09,カンゴフサン,2003-12-26 15:51:20.32532+09,t,看護婦,女の子キャラクター,f,941,t,f
127,127,229,彼女はプリンセス（姫ゲー）,文字通りヒロインとしてプリンセス、お姫様やそれに近い女王様の登場する作品を登録してください。 あくまでもお姫様としてのプリンセスですから舞台や時代は問いませんが、単にあだ名や通り名が「姫」「プリンセス」というだけのヒロインの登録は回避お願いします。 ABC基準はそのヒロインの印象好感度の度合いで投票をお願いします。,haruki,2003-12-25 20:51:11.899539+09,2003-12-09 22:15:31.190604+09,カノジョハプリンセス,2003-12-26 15:51:20.32532+09,t,姫,女の子キャラクター,f,1793,t,f
128,128,235,奇人変人・愉快なキャラクターが登場するゲーム,エロゲー世界に跋扈する奇人変人達。そういう愛すべき人々を見かけたら迷わずここに放り込みましょう。Aは面白くてまさに愛すべき奇人変人。Cは意外と存在感は強くない程度。Bはその中間。主人公でもOK。面白いデータが集まると思うんで、皆さんどしどし笑えるやつをお願いします。,ap2,2003-12-25 22:12:35.388823+09,2003-12-21 01:07:34.48743+09,キジンヘンジン,2004-02-25 22:59:16.349677+09,t,奇人変人,キャラクター,f,8444,t,f
129,129,236,既婚者、未亡人とのHがあるゲーム,既婚者の女性とのHシーンがあるゲーム。未亡人可。 背徳感や、その他シチュエーションによってA～Cで登録お願いします。,ap2,2003-12-24 04:50:56.902375+09,2003-12-23 03:48:34.194362+09,キコンシャミボウジン,2004-01-31 22:15:47.822237+09,t,既婚者・未亡人,女の子キャラクター,f,1521,t,f
130,130,238,SMのあるゲーム,SMのあるゲームの登録をお願いします。,ap2,2003-12-25 17:49:55.510406+09,2003-12-25 17:49:55.510406+09,エスエムノアルゲーム,2004-01-31 22:12:57.100891+09,t,SM,エロシーン,f,1729,t,f
131,131,240,ツインテールが魅力,とかくロリヒロインやツンデレヒロインの代表的な髪型と言われるツインテールですが、 ヒロインの性格・キャラクターをいっさい問わずに文字通り魅力的なツインテール・ヒロインの登場する作品を登録してください。とにかくツインテールがそのヒロインにマッチしていれば条件は問いません。 ABC基準はそのヒロインの印象好感度の度合いで投票をお願いします。,cel211,2003-12-28 02:30:17.925301+09,2003-12-28 02:30:17.925301+09,ツインテールガミリョク,2003-12-28 02:30:17.925301+09,t,ツインテール,女の子キャラクター,f,3384,t,f
132,132,244,眼鏡…眼鏡…,眼鏡っ娘が登場する作品の登録をお願いします。(本POVでは眼鏡を掛けているシーンが一つでも在れば、一応眼鏡っ娘という事にします) 　評価基準は眼鏡っ娘の魅力の度合いにて。詳しい基準をお望みの方には、眼鏡はは意外に好みが分かれる属性という事を考慮しまして、 Ａ:優　(例)眼鏡がキャラの魅力として効果的に機能している，可愛いヒロイン Ｂ:良　(例)眼鏡をかけているだけで、特にこだわりのシチュエーションもない，並のヒロイン Ｃ:劣　(例)眼鏡キャラがウザい，眼鏡が逆効果，かけてない方がまだマシと思える というような指針でお願いします。,daitetu,2004-01-04 14:46:27.63858+09,2004-01-04 14:46:27.63858+09,メガネメガネ,2006-01-02 07:04:02.772709+09,t,眼鏡っ娘,女の子キャラクター,f,1563,t,f
133,133,245,SF仕立てのゲーム,宇宙もの、時間旅行もの、未来世界の描写などなど、サイエンス・フィクション風のネタを織り込んだゲームの登録をお願いします。内容のSFっぽさで点は付けてください。,捜索隊,2004-01-04 15:09:00.439603+09,2004-01-04 15:09:00.439603+09,エスエフジタテノゲーム,2004-01-10 23:33:26.11057+09,t,SF,ジャンル,f,3534,t,f
134,134,250,陵辱、レイプ,POVを見ていたところ、陵辱ゲーがなかったので付けました。鬼畜と陵辱は違うとします。(鬼畜は女性で遊ぶような行為、陵辱はレイプ)愛のあるHなんて興味ない、相手の承諾に関係なく動物的に快楽を求める。現実でやると警察にお世話になるようなゲーム。また、メインではなくともそういうシチュエーションのあるゲームも大歓迎です。エロゲーの華と言える陵辱ゲーをよろしくお願いいたします。,TOTO,2004-01-11 12:48:02.202293+09,2004-01-11 12:48:02.202293+09,リョウジョクレイプ,2004-01-14 19:07:47.091368+09,t,陵辱,エロシーン,f,4234,t,f
135,135,253,強気のあの娘が魅力的,「好き」な思いを抱えているのに強がって素直に思いを表せないヒロインって微笑ましく感じませんか？ ぽっと顔を紅くして強がったり、バレバレなのに素っ気無い素振りや、自分に素直になれなくて意地っ張りや高飛車な態度をとるあの娘 そんな強気っ娘が身も心も総てを開いてくれると、それまでとまたひとつ違う魅力を見せてくれるのがまた嬉しいところで‥‥ そういった「素直じゃない」「強がり・意地っ張り」「タカビー」「ツンデレ」などなど強気で魅力的ながらも、どこか恋愛不器用なヒロインが登場活躍する作品を教えてください。,塩羊羹,2004-01-16 17:13:40.355988+09,2004-01-16 17:13:40.355988+09,ツヨキノアノコガミリョクテキ,2004-11-02 22:26:40.591398+09,t,強気な娘・ツンデレ,女の子キャラクター,f,5200,t,f
136,136,254,推奨クリア順あるゲーム(ネタバレ注意),美少女ゲーをトコトン楽しむには攻略順にも気を使いたいところですよね。 てなわけであなたのオススメ攻略順を教えてください。 ＡＢＣは推奨順序のこだわり度合いでお願いします。 コメントはPOVの性質上、準必須でお願いいたします。 ちなみに、登録される方の主観オンリーで結構ですので気軽にどうぞ。 ＊＊＊極力ネタバレしないようにご注意下さい＊＊＊ (特に紹介に無い重要キャラ等は伏字にしたほうが良いかもしれません),はずきりおな,2004-01-22 21:45:52.733676+09,2004-01-22 21:45:52.733676+09,スイショウクリアジュンアルゲーム,2004-02-28 00:43:01.433459+09,t,推奨クリア順あり,条件,t,3789,f,f
137,137,258,思わずツッコミ！パロディネタが面白い♪,マンガ、ゲーム、アニメ、時事ネタなどのネタを引用しているゲームを登録してください。 ABC基準は登録者にまかせっきりなので、出来ればコメントを添えてくれると嬉しいです。,wizardsbrain,2004-01-31 12:57:08.708324+09,2004-01-31 12:57:08.708324+09,オモワズツッコミ！パロディネタガオモシロイ♪,2004-05-25 18:03:01.495459+09,t,パロディ,ここがいい,t,6067,f,f
138,138,261,得する？雑学、うんちく、トリビア,エロゲーをプレイして｢まさかこんな知識が得られるとは｣という経験はありませんか？ 　うんちくネタくらいしかならない豆知識、学問性や高尚さインテリ性を感じないレベルでのバカバカしい知識ネタや業界ネタなど、そんなムダ知識が披露されている作品の登録をお願いします。,daitetu,2004-02-02 15:26:16.417881+09,2004-02-02 15:26:16.417881+09,トクスルザツガクウンチクトリビア,2005-10-17 12:44:48.849206+09,t,雑学,ワンポイント,f,2395,f,f
139,139,262,選択肢が印象的,ＡＤＶ全盛のエロゲーでは、｢選択肢｣はゲーム性を生み出す演出として、必要不可欠だと思います。また、その｢選択肢｣を評価する事は、その作品のＡＤＶとしてのゲームバランスや、シナリオ構成力を知るのに役立つかもしれません。しかしその割りには評価されにくい｢選択肢｣をあえて評価してみようというＰＯＶです。 　登録対象は、選択肢に対して良くも悪くも、何らかの印象があった作品ならば何でも有りです。(これだけでは分かり難いと思いますので、具体例としていくつかＰＯＶ及びコメントを登録しました。宜しければご参照下さい) 　評価基準はできれば｢優・良・劣｣でお願いします。,daitetu,2004-02-02 15:28:48.933045+09,2004-02-02 15:28:48.933045+09,センタクシガインショウテキ,2004-03-18 16:09:46.451192+09,t,選択肢が印象的,ここがいい,f,3769,f,f
140,140,263,双子姉妹が魅力的,双子ヒロインが登場する作品の登録をお願い致します。 　評価基準はその魅力の度合いにて。細かい基準をお望みの方には、 Ａ:優　(例)双子ならではのシナリオがある，双子丼、双子エンドがある， Ｂ:良　(例)とりあえず双子ヒロインがいる，双子エンドは無いが両方とも攻略はできる Ｃ:可　(例)片方しかＨ、エンドがない，サブキャラとして登場，似てなくて双子っぽくない というような指針でお願いします。(あくまで指針ですので少しぐらいズレてもＯＫです) 　(申し訳ないですが、男女の双子や、二重人格等のネタバレしてしまう恐れのある作品の登録はご遠慮下さいませ),daitetu,2004-02-02 15:29:20.871968+09,2004-02-02 15:29:20.871968+09,フタゴシマイガミリョクテキ,2005-10-17 12:45:55.750667+09,t,双子,女の子キャラクター,f,2122,t,f
141,141,270,ちょっとした工夫のあるゲーム,Windowsの時計の日付や時間によって画面が変化した 画面をクリックしてみたら思わぬ反応があった キャラクターの名前のに一定のしばりがあった 媒体内のファイルに隠しシナリオや旧作のCGが埋め込まれていたなど 演出、システムとかまではいかない(または、それらに該当しない)、 ほんのちょつとした工夫のあるゲームを登録してください。,KURU,2004-02-03 21:25:12.80561+09,2004-02-03 21:25:12.80561+09,チョットシタクフウノアルゲーム,2004-03-01 18:02:35.331095+09,t,ちょっとした工夫,ワンポイント,f,1313,f,f
142,142,276,純愛物語,パソコンの画面からホワホワとハートがあふれてきそうな純愛物語から、凛として大人の雰囲気漂う純愛物語まで、理屈抜きでこれぞ純愛ですよというものを登録して下さい。,track,2004-02-11 12:18:33.027232+09,2004-02-11 12:18:33.027232+09,ジュンアイモノガタリ,2004-02-11 12:18:33.027232+09,t,純愛,ジャンル,f,6313,f,f
143,143,279,精液描写の濃いゲーム,ＨＣＧに差分があればたいていの場合射精後のＣＧがあります。私としてはＨシーンで最も使える瞬間は射精直後だと思うので精液描写についてのＰＯＶがあってもいいと思い作ってみました。登録お願いします。,butter,2004-02-12 23:37:46.311604+09,2004-02-12 23:37:46.311604+09,セイエキビョウシャノコイゲーム,2004-03-04 12:20:21.607249+09,t,精液,エロシーン,f,1925,f,f
144,144,287,三角関係の描写（または葛藤）のある作品,複数の男女間の複雑な人間関係に入り組んだ恋愛感情・葛藤、いわゆる「三角関係」の描写が印象的な作品を示してください。ＡＢＣ基準は「三角関係」の描写がシリアス・ヘビーな印象度が高い作品を基準として登録願います。,kim,2004-03-14 03:28:07.87197+09,2004-03-14 03:28:07.87197+09,サンカクカンケイ,2004-03-25 02:49:02.309948+09,t,三角関係,シチュエーション,f,3823,t,f
145,145,298,購入特典が素晴らしい！,エロゲの、本編以外のもう1つの魅力。購入特典！これでそのゲームに対しての評価も大きく変わることもあります。なお、対象となるものはパッケージに含まれているものに限ります。初回限定でもかまいません。 封入特典とは別の、店頭手渡しでのテレカなどは対象外です。 Ａ：特典を目当てで買ってもいいくらい素晴らしい！ Ｂ：なんか得した感じになるくらいの特典。 Ｃ：一応いいかどうかは別として特典がついてる。,musicboy,2004-04-29 18:15:52.780143+09,2004-04-29 18:15:52.780143+09,コウニュウトクテンガスバラシイ！,2004-05-06 02:15:49.6227+09,t,購入特典,ゲームの内容外,f,1579,f,f
146,146,309,フタナリで二度美味しい,フタナリ、乃ち両性具有者の登場するゲームの登録お願いします。 先天、後天は問いません。 ＡＢＣについてはＨシーンの出来でお願いします。,kongamato,2004-06-05 23:11:39.990866+09,2004-06-05 23:11:39.990866+09,フタナリデニドオイシイ,2004-06-26 01:42:13.500661+09,t,フタナリ,女の子キャラクター,t,804,f,f
147,147,310,姉妹,二人以上の姉妹キャラが登場し、各々にＨシーンのあるゲームを登録願います。 義理姉妹やご近所の姉妹、年の上下等、主人公との関係は問いません。 主人公をめぐる姉妹の機微、煩悶や、姉妹どんぶり、３Ｐ等、姉妹ならではのバリエーションがあれば、尚結構です。 但し、「姉妹」として、シナリオやＨ等の絡みがある事を必須とします。 ＡＢＣは「姉妹モノ」部分の出来如何で評価願います。 ※「姉妹モノ」＝設定、シナリオ、絵柄、姉妹の魅力、Ｈシーン等,nanaplaza,2004-06-08 22:52:52.811572+09,2004-06-08 22:52:52.811572+09,シマイ,2004-09-29 03:01:50.776918+09,t,姉妹モノ,女の子キャラクター,f,2326,t,f
148,148,311,姉と弟の関係,実の姉弟・義理の姉弟であるかのように強く意識させるキャラの光るゲームを登録してください。所謂となりの姉さん的キャラは不可です。 主人公を「弟としての家族」と感じさせてくれるよう描かれているなら従姉等でもOKです。 ABCは面白さよりも姉要素の印象でつけてください。,Wolf Guy,2004-06-11 05:34:58.799758+09,2004-06-11 05:34:58.799758+09,アネトオトウトノカンケイ,2004-07-29 12:05:05.406314+09,t,姉と弟,女の子キャラクター,f,3165,t,f
149,149,314,戦う女の子達,武器や魔法、格闘技、特殊能力等を用いて、敵(あるいは主人公)と戦うヒロインがいる作品の登録をお願い致します。 　ＰＯＶ的に登録作品が幅広くなりますので、出来ましたらヒロインの具体的な魅力や性恪、気質、職種等をコメントで書いて頂けると嬉しいです。,daitetu,2004-06-12 14:56:53.824401+09,2004-06-12 14:56:53.824401+09,タタクオンナノコタチ,2004-07-04 12:14:59.9429+09,t,戦う女の子,女の子キャラクター,f,5561,t,f
150,150,317,ケモノっ娘萌え！,ケモノっ娘に萌える人は権威向上を目指してどんどん該当作品を登録していきましょう。。 コメントには種族や萌えポイント等を書き込んでいただけるとありがたいです。 Ａ：ケモノっ娘の特性を十分に活かしたＨがある物。 Ｂ：多少は特性が現れている物（語尾に「にゃん」とか）。 Ｃ：明らかに耳シッポがついているだけ。 【注意点】剥いた時に一目でそれと分かるものに限定（ケモノの血をひくとか異能力がある等潜在的な物は除外）,twilight,2004-06-13 07:32:12.838097+09,2004-06-13 07:32:12.838097+09,ケモノッコモエ,2007-03-17 01:19:46.836333+09,t,ケモノっ娘,女の子キャラクター,f,1608,t,f
151,151,318,シナリオが平易（またはシナリオの平易度）,シナリオ重視の作品で、シナリオの内容が理解しやすい作品の登録をお願いします。 シナリオ重視であることを前提としますから、ヤリゲーのようにシナリオを読み解く必要のない作品はもとより、意味不明・説明不足・曲解されやすい不可解さが感じ取れる作品は登録対象外とします。 ＡＢＣ基準はシナリオの理解しやすさを基に登録お願いします。,basshi,2004-06-16 01:53:52.430264+09,2004-06-16 01:53:52.430264+09,シナリオガヘイイ,2004-12-09 00:00:13.412247+09,t,理解しやすい,シナリオ,f,2761,f,f
152,152,343,イキまくる女の子,イった後でも攻め続けられて何度も連続で絶頂に・・・ そういうイキまくるシーンのある作品の登録をお願いします。 ABCはHシーンの印象度でお願いします。,Wolf Guy,2004-07-08 11:29:47.719211+09,2004-07-08 11:29:47.719211+09,イキマクルオンナノコ,2004-07-11 01:06:53.188152+09,t,イキまくる,エロシーン,f,4003,f,f
153,153,346,お店が舞台,お店が舞台だと思うゲームを登録してください。 ABCはその作品内でお店が占めている割合や重要度でお願いします。 また、お店の特徴などのコメントがあればありがたいです。,jaenczpw,2004-07-19 23:36:27.761578+09,2004-07-19 23:36:27.761578+09,オミセガブタイ,2004-07-19 23:36:27.761578+09,t,お店もの,背景,f,1774,t,f
154,154,350,一緒にお風呂♪,ヒロインとお風呂に入りたいんじゃー！！ 評価は、皆さん本人の満足度でお願いします。 その際参考にしたいので、簡単なシーンの紹介も書いていただけると嬉しいです。 それでは、お願いします！！,minoru,2004-07-22 14:49:36.987559+09,2004-07-22 14:49:36.987559+09,イッショニオフロ,2004-07-26 17:25:31.30186+09,t,一緒にお風呂,エロシーン,f,4718,t,f
155,155,356,ザッピング・マルチサイト・複数視点,物語が単一の主人公の視点から描かれるのではなく、複数の登場人物の視点を用いることによって 事件の真相解明を行ったり、キャラクターの心情をより深く描写出来ている作品を登録して下さい。 A～Cは複数視点をどれだけ有効に活用出来ているかでお願いします。,azumi,2004-08-13 11:51:35.239965+09,2004-08-13 11:51:35.239965+09,ザッピングマルチサイトフクスウシテン,2005-06-02 22:46:33.305075+09,t,ザッピング,シナリオ,t,3253,t,f
156,156,359,主人公がアンチヒーロー,反社会的でモラルのない行動をとる悪のイメージが似合う主人公を登録してください。 例えば、他人の不幸が自分の幸福な鬼畜、触るもの皆傷つける不良、女を見れば見境無いエロ大魔王、警察に追われる犯罪者など。 ABC（基準）は主人公の「悪」が映えるアンチヒーロー度でお願いします。 主人公がアンチヒーローでも、カッコいいと感じる場合、「主人公が素敵」にも登録して頂けると助かります。,hiruandon,2004-08-24 23:34:34.611664+09,2004-08-24 23:34:34.611664+09,シュジンコウガアンチヒーロー,2004-08-26 16:49:24.074653+09,t,アンチヒーロー,主人公,f,2632,t,f
157,157,362,ドジっ娘・天然キャラ萌え,意図的な行動ではなく、あくまで無意識でとった行動や言動が世間とずれてる。 自分では普通の事だと思っても人と異なっており、或いはよかれと思って取った行動も迷惑であったり笑われたり。 または何も無い所で転んだり、何をやっても失敗ばかり、しかしなぜか彼女がいるだけで場が和む...等々。 こういった天然系のキャラやドジっ娘を集めるPOVです。 ＊心身に関わらず、病キャラは対象外です。,Wolf Guy,2004-08-26 04:19:21.816181+09,2004-08-26 04:19:21.816181+09,ドジッコテンネンキャラモエ,2004-11-09 07:35:06.865162+09,t,ドジっ娘・天然キャラ,女の子キャラクター,f,1956,t,f
158,158,363,甘やかせヒロインのいるゲーム,果てしなく甘々でぬるま湯な世界を届けてくれるヒロイン、愛情や奉仕とかをはるかに超えて、精神的にただただ際限なく甘やかしているだけのヒロイン・・・。  ひとことで言えば『ダダ甘』な世界を与えてくれるヒロインが登場するゲームを登録してください。  ＡＢＣ評価は、ヒロインの甘やかせっぷりの度合いでお願いします。,kagura,2004-08-29 23:21:11.313984+09,2004-08-29 23:21:11.313984+09,アマヤカセヒロインノイルゲーム,2004-09-25 11:46:41.280625+09,t,甘やかせ,女の子キャラクター,t,2292,t,f
159,159,367,バイオレンス・スプラッター,バイオレンス・スプラッター描写のあるゲームを登録願います。 シーン数や、イベント絵の有無、メインテーマの重要性等は問いません。 １シーンでもゲームとして印象に残る作品が対象です。,wizardsbrain,2004-09-29 23:04:23.566364+09,2004-09-29 23:04:23.566364+09,バイオレンス,2004-10-19 18:27:40.381961+09,t,バイオレンス・スプラッター,ジャンル,f,2003,t,f
160,160,369,女装もの（女装ネタ）,ゲーム内に女装ネタが存在するゲーム。 ランクの考え方としては下記の通りです。 A：女装ネタが有り、そのイベント等のシチュエーションがすごく楽しく面白い。 B：女装ネタが有り、それなりに面白く出来ている。 C：女装ネタは有るが、有るだけという程度。,kirishima,2004-10-09 16:52:48.353391+09,2004-10-09 16:52:48.353391+09,ジョソウモノ,2004-11-01 17:58:18.575998+09,t,女装,キャラクター,t,3229,t,f
161,161,377,イメチェンするヒロイン,髪型、時間経過による成長、男装、眼鏡等の様々な要因によりヒロインの外見が変化する作品の登録をお願いします。（あくまで外見のみ、ツンデレ等の内面の変化はご遠慮下さい） (プロローグから・エピローグにても含みます) ＡＢＣ基準は一応、初回登場時とのギャップの大きさや、その印象度にて。 またＰＯＶの性質上、ネタバレの可能性がありますので、ご注意下さい。,toudou,2004-11-21 11:59:31.607924+09,2004-11-21 11:59:31.607924+09,イメチェンスルヒロイン,2004-11-23 09:22:57.162491+09,t,イメチェン,女の子キャラクター,t,1535,f,f
162,162,379,主人公はモテモテ！,主人公が一般的水準のエロゲより明らかにモテモテだと思う作品を登録して下さい 最低条件は主人公に好意を持っているヒロインが同時に複数存在する事です 告白されて(して)いなくても構いませんが、好きである事が見え見えのレベルのみが対象になります 従って密かに想われている程度では不可、逆にそれ以上の関係(恋人関係等)にある場合は当然ＯＫです Ａ～Ｃは以下の基準に従って最も近いものを登録して下さい Ａ…ヒロインが主人公に惹かれる過程が描かれていて、少なくともある程度は理解出来る Ｂ…初期設定で既にモテモテ、あるいはそれに近い状態にあるが納得出来る理由は説明されている Ｃ…何故モテるのか全く説明されていない・理解出来ない等で上記に当てはまらない,lia,2004-11-28 01:27:20.238535+09,2004-11-28 01:27:20.238535+09,シュジンコウハモテモテ,2004-12-26 15:31:36.654013+09,t,モテモテ・ハーレム,主人公,f,6548,t,f
163,163,399,足フェチ（脚）,同好の士しか食指が動かないＰＯＶだと思いますので説明は省きます、ＡＢ判定は足を使ったプレイの印象度で、足コキは勿論のこと、舐める、嗅ぐ、踏まれる等濃いシチュも大歓迎です。 Ｃには直接的では無いものの熱い要素がある物を登録してください、単純にキャラのスタイル（脚）が良いから、行為中等に絡められる脚の些細な動作等に燃える、ルーソが熱い、ニーソが熱い、パンストが、いやいやガーター付きが･･･等視点は自由に判断してください。,twilight,2005-01-14 23:29:25.504282+09,2005-01-14 23:29:25.504282+09,アシフェチ,2005-03-05 23:24:34.364776+09,t,足フェチ,エロシーン,f,1547,t,f
164,164,402,魅力的な従姉妹！,主人公にとって他人でもなければ家族でもない。主人公との距離が近いような遠いような、そんな微妙な関係の従姉妹が登場するゲームの登録をお願いします。 A～Cは従姉妹キャラの魅力度でお願いします。,basshi,2005-01-22 17:03:36.818634+09,2005-01-22 17:03:36.818634+09,ミリョクテキナイトコ,2005-02-23 01:19:34.680984+09,t,従姉妹,女の子キャラクター,f,830,t,f
165,165,412,ヒロインと一緒の生活が楽しい,「主人公が居候する事になって～～」や「女の子が押し掛けて来て～～」等に代表される「ある日突然女の子との生活が始まって」的シチュがある作品の登録をお願い致します。 　本ＰＯＶでは、ヒロインとの日常的な生活（性活？）描写を楽しめるかどうかが最重要ポイントになります。 　なのでゲーム開始前から既に相手(特に肉親関係)と同居・同棲していて新鮮味が無い作品や、ワンシーン・エンディングのみの描写しかないもの、及び監禁・調教のような明らかにカラーが異なる作品の登録はご遠慮頂けると有難いです。,daitetu,2005-01-31 14:24:14.066539+09,2005-01-31 14:24:14.066539+09,ヒロイントイッショノセイカツガタノシイ,2006-10-01 12:49:09.328553+09,t,ヒロインと一緒の生活,シチュエーション,f,5168,t,f
166,166,415,無表情な女性キャラが登場するゲーム,表情が乏しい女性キャラ（寡黙な人形風キャラ、冷淡な支配者キャラなど）が出てくるゲーム。 「終始変化しない氷の横顔キャラは痺れる！」や「無表情な外見と過激な性格のギャップに萌え！」などの目安として。コメント欄にはキャラ名と萌えポイントなどをどうぞ。,Singles_cafe,2005-02-08 01:30:57.060144+09,2005-02-08 01:30:57.060144+09,ムヒョウジョウナキャラガイルゲーム,2005-02-19 14:06:11.276536+09,t,無表情,女の子キャラクター,f,1822,t,f
167,167,416,ヒロインの一人称が「僕」「ぼく」「ボク」,自分のことを「僕」「ぼく」「ボク」と言う女の子がヒロイン（メイン・サブにはこだわりません）のゲーム。 ＡＢＣはキャラの魅力や 僕っぷり、コメントでは該当ヒロインの名前や魅力、性格、容姿、その他萌えポイント等を熱く語って下さい。 Ａ：ブラボー！ Ｂ：まぁまぁ好みかな。 Ｃ：うん、普通に僕っ娘だね。 を目安によろしくお願いします。,Singles_cafe,2005-02-08 15:45:10.380455+09,2005-02-08 15:45:10.380455+09,ヒロインノニンショウガボクノオンナノコ,2005-02-14 12:35:29.494348+09,t,ボクっ娘,女の子キャラクター,f,1877,t,f
168,168,420,オールクリアに価値あり,マルチシナリオ形式の作品において全て(あるいは特定)のルートを見た事によって それまでには知り得なかった作品の根幹・背景を理解出来る様になり それによって作品全体に対する見解・評価が完全に変わってしまう様な作品を挙げて下さい 隠蔽機能対象ですがネタバレは極力控える方向性で Ａ～Ｃはどの程度そう思ったのかでお願いします,lia,2005-02-18 01:52:55.305481+09,2005-02-18 01:52:55.305481+09,オールクリアニカチアリ,2005-02-26 23:26:54.039296+09,t,要オールクリア,条件,t,8851,f,f
169,169,424,魔女っ娘･魔法少女,「目立っちゃいけないはずなのに、纏うは可憐な（ちょっと恥ずかしい）コスチューム」そんな愛でずには居られない魔女っ娘が活躍するゲームを登録してください。 舞台が地球では無く、魔法の国での魔女っ娘を描いた作品も大歓迎ですし、普通の生活を送っていたけれどいきなりデビューという所謂魔法少女なノリもＯＫです。 ※便宜上魔法の国としていますが、魔界でも異世界でも限りなく地球に似た星でも表現は何でもかまいません。,twilight,2005-03-05 23:22:30.241533+09,2005-03-05 23:22:30.241533+09,マジョッコマホウショウジョ,2005-05-05 00:15:18.26207+09,t,魔法少女,女の子キャラクター,f,1804,t,f
170,170,426,「部活動」が印象的な作品,ゲーム内に登場する部活動が印象的な作品を登録して下さい。対象は、部活動を代表とし、倶楽部、サークルなど、活動場所は問わず、学生が一団となって活動したイベントなどでも構いません。 Ａ～Ｃはその部活動の印象に残った度合いで評価をして下さい。,ap2,2005-03-07 20:39:18.018512+09,2005-03-07 20:39:18.018512+09,ブカツドウガインショウテキナサクヒン,2005-03-16 18:55:39.75873+09,t,部活動,背景,f,3170,t,f
171,171,441,痴漢プレイ・痴漢行為のあるゲーム,電車やバスの中等での痴漢行為があるゲームを登録してください。疑似・リアルは不問です。 全編痴漢だと嬉しいですが、凌辱、調教などのHシーンの中に痴漢プレイが含まれているというタイプの物も登録お願いします。 A～Cは痴漢シーンの多さや濃さを含めたお薦め度でお願いします。,RAZE,2005-05-12 23:39:09.102402+09,2005-05-12 23:39:09.102402+09,チカンプレイチカンコウイノアルゲーム,2005-07-12 08:24:24.713125+09,t,痴漢,エロシーン,f,794,t,f
172,172,459,バカソングのあるゲーム,あなたが「これは電波ソングだ！」と感じた面白い歌のあるゲームを登録してください。 卑語飛び交いまくりのエロソング、これは元々こういう曲なのか？な音痴ソングなどなど Ａ～Ｃのランクは曲の電波度にてお願いします。,pistonboy,2005-07-09 17:18:26.278649+09,2005-07-09 17:18:26.278649+09,バカソングノアルゲーム,2005-07-14 19:14:19.230576+09,t,バカソング,音,f,833,t,f
173,173,465,女教師,女教師【女教職員限定です】が登場する作品を登録してください。 （女教師メインの作品はもちろん、ヒロインの一人として登場する場合もＯＫです。）  ＡＢＣは「女教師」という職業がシナリオに生きてるかどうかの出来の良さで登録お願いします。,argon,2005-08-01 16:09:41.124876+09,2005-08-01 16:09:41.124876+09,オンナキョウシ,2005-10-24 23:15:55.437502+09,t,女教師,女の子キャラクター,f,2055,t,f
174,174,468,キャラが集う印象的な場所,キャラクター達が集う場所があり、それが皆にとっての特別な場所、一番の思い入れのある場所だった作品を登録してください。 感想はなるべくネタバレのないように評価し、Ａ～Ｃはその場所が、どれだけその作品の中で印象に残ったかでお願いします。,sukuran,2005-08-18 23:40:03.559328+09,2005-08-18 23:40:03.559328+09,キャラガツドウインショウテキナバショ,2005-08-27 07:10:06.514262+09,t,印象的な場所,背景,t,2396,f,f
175,175,470,露出・羞恥プレイのあるゲーム,露出・羞恥プレイのあるゲームを登録して下さい。陵辱・調教モノでは結構な数になるのではないかと思います。ですが、これをメインに置くゲームは少ないと思いますので、単一のプレイであっても勿論構いません。ABCは度合いでお願いします。判断基準として、描写の濃さ、ヒロインの反応、ギャラリーの有無等々があります。,ESP,2005-08-22 17:39:44.9762+09,2005-08-22 17:39:44.9762+09,ロシュツシュウチプレイノアルゲーム,2005-08-22 17:39:44.9762+09,t,露出・羞恥プレイ,エロシーン,f,1773,t,f
176,176,476,友情発恋愛行き,お互い親しい同性と接しているような間柄に慣れきっていて、そしてその関係が永遠に続くと思っていた（思い込んでいた）のに、いつの間にか愛情が芽生えて・・・ そんなシナリオが楽しめるゲームを教えて下さい。 Ａ～Ｃの基準は、そのシナリオがどれだけプレイヤーの情感を震わせたかで考えていただき、且つコメントでヒロインへの熱情を語っていただけると幸いです。,toto712,2005-08-30 19:14:26.264061+09,2005-08-30 19:14:26.264061+09,ユウジョウハツレンアイイキ,2005-08-31 20:26:57.366913+09,t,友情発恋愛行き,シチュエーション,f,1977,f,f
177,177,486,ショタ、少年系キャラ,「男」ではなく「男の子」、「格好良い」というより「可愛い」、そんな表現が似合う、いわゆる「ショタ」系キャラが登場する作品の登録をお願い致します。 　ＡＢＣの分類はそのキャラのショタ度や、作品内での存在感等でお決め下さい。 　ショタ度の判断につきましては基本的にお任せ致しますが、例としましては ・見た目(童顔、低身長) ・言動(一人称が僕、女声) ・その他特性(実質小中学生、童貞、主人公かどうか、Hシーンの多少) 辺りが基準になるかもしれません。,daitetu,2005-10-03 05:30:06.229945+09,2005-10-03 05:30:06.229945+09,ショタショウネンケイキャラ,2005-10-28 10:15:48.590597+09,t,ショタ,キャラクター,f,1769,t,f
178,178,493,熟読･考察の価値あるシナリオ（ネタバレ注意+補足説明参照）,単純にシナリオが良い、とまでは言えないが読み深めることで評価が変わりそうなものや、そういったものを回避したい、シナリオは直球であって欲しいといった人へはお薦めできないものへのPOVです。 シナリオの中に暗喩的にテーマや答えが内在していたりするために、余り考えずに流し読みするだけでは駄作などとして評価されてしまう危険性の高いもの、若しくは何度も読み深めることで更にその評価を高められるようなものに対しての登録をお願いします。 また、未完などと呼ばれるものの中には明確にはその結末を示さないこと、それ自体が意図して行われたことであり、プレイヤー側に想像させ得る材料などは十分に揃っている場合も多く見られると思われるので、そういったものも登録して頂いて結構です。 ABCはその度合いについて主観で判断してください。,karen.re,2005-10-28 02:59:18.511158+09,2005-10-28 02:59:18.511158+09,ジュクドクコウサツノカチアルシナリオ,2009-02-08 14:11:44.226144+09,t,考察系,シナリオ,t,4372,f,f
179,179,501,システム・仕様が不満（コメント推奨）,バグという訳じゃないんだけどシステム・仕様に不満を感じるゲームを登録してください。 同時期発売のゲームには付いてる機能がなかったり、メディア・セーブデータの扱いが面倒だったりするゲーム用です。 単純にセーブデータ枠数が少ないとか声がないとかでもかまいません。 コメント推奨。 不満度をＡＢＣで。,ap2,2009-03-02 08:31:34.762414+09,2009-03-02 08:31:34.762414+09,システムシヨウガフマン,2009-03-02 08:31:34.762414+09,t,システムに不満,ネガティブ,f,1511,f,f
180,180,502,CGが雑、乱れがある（コメント必読）,■デッサン及びパースの取り方に不自然なCGがある。 ・顔と体の位置がおかしく、バランスが狂っている。 ・関節の動きがおかしく、実際には起こりえない位置に四肢が描かれている。 ・パース（遠近法）の取り方がおかしく、アングルによって、キャラクターの体の造形が崩れている。 ■パッケージやオフィシャルホームページに掲載されているCGと、製品版でのCGの差が激しい。 ■立ち絵と1枚絵の差で、同一人物にもかかわらず、かなり違った人に見えてしまう。統一性に欠ける。 ■塗りに雑さが見られる。原画師の絵柄とマッチしていない。 ■背景絵に雑さが見られる。SF（非現実）世界、現実世界に近いなどという場面を問わず、雑である。投影がおかしく歪である。 等々このような状態が存在する作品であれば、付けてください。 ABC基準は不満度やその乱れの度合いによって付けてください。,ap2,2009-03-22 11:35:17.841506+09,2009-03-22 11:35:17.841506+09,シージーガザツ,2009-03-22 11:35:17.841506+09,f,CG雑,ネガティブ,f,768,f,f
181,181,503,控え目・おとなしいヒロインがいるゲーム,控え目だったり、おとなしかったりするヒロインが登場するゲームを登録してください。 好きな人の前では赤面して俯いてしまったり、何も言えなくなったり、どもったりしてしまうヒロインって思わず応援してあげたくなりますよね。 コメント欄には、そんなヒロイン名を記入して下されば参考になります。,ap2,2009-05-23 13:14:49.057367+09,2009-05-23 13:14:49.057367+09,ヒカエメオトナシイヒロインガイルゲーム,2009-05-23 13:14:49.057367+09,f,控えめ,女の子キャラクター,f,1301,t,f
182,182,504,スリリングな展開のあるストーリー,甘々な萌ゲーもいいけれど、サスペンスストーリーの緊張感は忘れられない印象がありますよね。 サスペンスといってもミステリーだけでなく、ＳＦ・ファンタジー・ホラー・サイコなど、ジャンルは問いません。 とにかく読み進めるのに緊張感がある物語で、選択肢でハラハラさせられたり、クリックを押すのにもドキドキする、そんなスリリングな展開が繰り広げられる作品を登録してください。,ap2,2009-06-20 22:17:19.342945+09,2009-06-20 22:17:19.342945+09,スリリングナテンカイノアルストーリー,2009-06-20 22:17:19.342945+09,f,スリリング,傾向,f,1565,t,f
183,183,505,精神を病んでるヒロインが魅力的,精神的に「病んでいる」ヒロインの異常な言動が魅力的なゲームを登録してください。 主人公に異常に執着するいわゆるヤンデレに限らず、重度のトラウマ持ちや精神崩壊なども含みます。 体が病弱なだけ、腹黒なだけ、依存が強いだけなどは対象外です。 病みかたの「魅力」の大小によってABCをつけてください。,ap2,2009-07-26 12:33:18.996989+09,2009-07-26 12:33:18.996989+09,セイシンヲヤンデイルヒロインガミリョクテキ,2009-07-26 12:33:18.996989+09,f,ヤンデレ・精神崩壊,女の子キャラクター,t,1038,t,f
184,184,506,歌うヒロインが魅力的,歌うヒロインが魅力的なゲームを登録してください。 歌手として華々しく活躍するヒロインだけでなく ヘンテコな即興歌を歌って楽しませてくれるヒロイン、 ストリートライブやカラオケ、演劇舞台etcで頑張って歌うヒロインまで含みます。 歌によってキャラが立っている、歌うシーンのあるヒロインが対象です。,ap2,2009-09-13 12:37:10.615967+09,2009-09-13 12:37:10.615967+09,ウタウヒロインガミリョクテキ,2009-09-13 12:37:10.615967+09,f,歌うヒロイン,女の子キャラクター,f,1068,t,f
185,185,507,病弱・身障者ヒロイン,一人病院で静かに入院しているヒロイン、身体的にハンデを抱えたヒロインなど 儚げさ、健気さなどピュアな印象が強い病弱・身障者のヒロインが登場する作品の登録をお願いします。 心を病んでいる場合は【精神を病んでるヒロインが魅力的】への登録をお願いします。 それとネタバレ回避のために、オフィシャルサイトでそのヒロインの病弱設定が公表されていない場合は名前を伏せるよう心がけてください。,ap2,2009-10-18 21:57:03.192668+09,2009-10-18 21:57:03.192668+09,ビョウジャクシンショウシャヒロイン,2009-10-18 21:57:03.192668+09,f,病弱,女の子キャラクター,f,966,t,f
186,186,508,大きな不幸を背負った助けたくなるヒロイン,不幸な境遇に負けず懸命に生きている、 苦労が報われてない感じがする、諦めて逃げちゃってもいいのにと思える、 そんな思わず手を差し伸べたくなるような、不幸なヒロインを登録してください。 ABCは「支えてあげたい／守ってあげたい」と思った度合いでお願いします。,ap2,2009-10-25 13:38:24.850094+09,2009-10-25 13:38:24.850094+09,オオキナフコウ,2009-10-25 13:38:24.850094+09,f,不幸,女の子キャラクター,f,1927,t,f
187,187,509,体を売るヒロイン,娼婦、遊女、援交娘、悪人に売られたかわいそうな娘、財産目当ての悪女など、経済的利益を目的としてHをする・させられるヒロインを登録してください。 キャバ嬢、ホステス、芸者などお水系のヒロインや既に引退している元職でも構いません。 ABCは、ヒロインのお気に入り度でつけてください。 ヒロインを紹介する具体的コメントは大歓迎です。 例：店の業種、ヒロインの性格、職業意識など。,ap2,2009-11-08 19:17:39.358426+09,2009-11-08 19:17:39.358426+09,カラダヲウルヒロイン,2009-11-08 19:17:39.358426+09,f,体を売る,女の子キャラクター,f,728,t,f
188,188,510,姉御肌なヒロイン,面倒見がよく、周囲を引っ張っていく、気っ風の良いヒロインを登録して下さい。 登録するヒロインは、主人公より年上でも年下でもかまいません。 ABCの基準は、ヒロインの姉御っぷりに、惚れ込んだ度合いでお願いします。,ap2,2009-11-23 10:00:04.793729+09,2009-11-23 10:00:04.793729+09,アネゴハダナヒロイン,2009-11-23 10:00:04.793729+09,f,姉御肌,女の子キャラクター,f,1405,t,f
189,189,511,主従の絆が魅力的,登場人物たちにおいて主従の絆が感じられるゲームを登録してください。 ABCのランク付けは、主と従の心のつながり（絆）の魅力の度合いでお願いします。,ap2,2009-12-20 21:14:03.721406+09,2009-12-20 21:14:03.721406+09,ジュジュウノキズナガミリョクテキ,2009-12-20 21:14:03.721406+09,f,主従,キャラクター,f,1717,f,f
190,190,512,この歌・この曲が熱い！,『ボーカルの有無は問いません！』 骨太なバンドサウンドによるロックやパンク、ギュンギュン系のメタル、 心も体も動き出すハードコアテクノ、逝っちゃいそうなトランスなどなど…『ジャンルは問いません！』 熱ければ、演歌だってかまいませんよ！ とにかく、『これは熱いッ！』と思わせる、ゲームミュージックを登録してください。,ap2,2010-01-11 20:58:15.432439+09,2010-01-11 20:58:15.432439+09,コノウタコノキョクガアツイ,2010-01-11 20:58:15.432439+09,f,熱い歌/曲,音,f,1487,t,f
191,191,513,ノスタルジックな、この歌・この曲,『ボーカルの有無は問いません』 自然を表現した曲に望郷心をくすぐられるニューエイジ、 異国の音楽でありながら郷愁を覚える民族音楽、 夕陽が似合う哀愁を帯びたアコースティックギターサウンド、 クラシックなら物憂げで優しいピアノ曲などなど…『ジャンルは問いません』 あなたが、『郷愁／ノスタルジー』を感じるゲームミュージックを登録してください。,ap2,2010-01-17 20:48:49.494107+09,2010-01-17 20:48:49.494107+09,ノスタルジックナコノウタコノキョク,2010-01-17 20:48:49.494107+09,f,ノスタルジック,音,f,700,t,f
192,192,514,事後（えっち後）の描写がいい！（ABC表記に注意！）,Ｈシーン後に全裸のままシーツに包まった優しげな眼差しのヒロインっていいですよね。 基本の「Ｈシーン後にくつろぐ二人の語らい（ピロートーク）」に限りません。 「傍らで眠るヒロインの髪を梳きながら意味深な台詞をつぶやく主人公(逆でも可)」等、 描写が印象的で深い愛情を感じさせるシーンのあるゲームを登録してください。 Ａ:専用CGがありシーンも優秀 Ｂ:専用CGがある Ｃ:CGはないがシーンとして印象的,ap2,2010-02-01 00:12:21.160851+09,2010-02-01 00:12:21.160851+09,ジゴノビョウシャガイイ,2010-02-01 00:12:21.160851+09,f,えっち後がいい,シチュエーション,f,837,f,f
193,193,515,男装するヒロイン,ゲーム内に男装したヒロインが出てくるゲームを登録してください。 女性であることを隠す本格的男装から演劇イベントでの男装などまで含みます。 男装ヒロインの魅力や男装によるインパクトを評価してください。,ap2,2010-02-08 22:48:44.198463+09,2010-02-08 22:48:44.198463+09,ダンソウスルヒロイン,2010-02-08 22:48:44.198463+09,f,男装,女の子キャラクター,t,661,t,f
194,194,516,縛り・拘束のあるゲーム,よく目にするSMや調教でのハードな緊縛・拘束のみならず、陵辱時や拷問時の拘束や、罠にかかったり敵に敗北した際の捕縛やはりつけ、あるいは恋人同士のソフトな緊縛プレイまで。 内容のソフト・ハードに拘らず、幅広い範囲での、緊縛・拘束のあるゲームを登録してください。,ap2,2010-03-07 20:17:48.962569+09,2010-03-07 20:17:48.962569+09,シバリコウソクノアルゲーム,2010-03-07 20:17:48.962569+09,f,緊縛・拘束,エロシーン,f,1523,t,f
195,195,517,大人の玩具プレイ,バイブやローター、電マ、アナルパール、果てはオナホやクスコなど、 エロティカルな道具を使ったプレイのあるゲームを登録してください。 ※オナホやクスコのような、珍しい道具があるものはコメント推奨。,ap2,2010-03-16 21:22:31.316389+09,2010-03-16 21:22:31.316389+09,オトナノガングプレイ,2010-03-16 21:22:31.316389+09,f,玩具プレイ,エロシーン,f,1121,f,f
196,196,518,ずぶ濡れ・スケスケ,突然の雨や水遊び水垢離その他が原因でヒロインがずぶ濡れ(びしょ濡れ)になったり、さらには下着や乳首が透けて見えたり浮き出ている立ち絵や一枚絵CGがあるゲームを登録お願いします。,ap2,2010-03-28 17:41:18.699297+09,2010-03-28 17:41:18.699297+09,ズブヌレスケスケ,2010-03-28 17:41:18.699297+09,f,スケスケ,シチュエーション,f,458,f,f
197,197,519,褐色肌の女の子,外見が褐色なヒロインが登場するタイトルを対象にしたＰＯＶです。  外国人、日焼け娘、人間以外の種族等は問いません。 外見が褐色であることが条件です。 褐色肌女の子の認知度向上を目指して、どんどんタイトルを登録してください。  ＡＢＣはヒロインが印象的であったかどうか。 出来ましたら具体的な魅力や性恪、気質、職種等をコメントで書き込んで下さい。,ap2,2010-04-25 14:49:21.741459+09,2010-04-25 14:49:21.741459+09,カッショクハダノオンナノコ,2010-04-25 14:49:21.741459+09,f,褐色肌,女の子キャラクター,f,956,t,f
198,198,520,手のひらサイズのヒロイン,手のひらサイズの小さな妖精や亜人種、縮小された女の子に萌える人のためのPOVです。 サイズは「手に収まるサイズ～両手に乗るくらいのサイズ」を想定しています。 コメントには、ヒロイン名や種族、サイズ、萌えポイント等を書き込んでください。 ABC基準は出てくる頻度、重要度、体格差を活かしたエロシーンの有無などで分けてください。,ap2,2010-07-11 21:58:46.099037+09,2010-07-11 21:58:46.099037+09,テノヒラサイズノヒロイン,2010-07-11 21:58:46.099037+09,f,手のひらサイズ,女の子キャラクター,f,206,t,f
199,199,521,パイズリに見どころあり,ナイスな”パイズリ”シーンがあるゲームを登録してください。 バストサイズは無関係です。貧乳キャラの健気なパイズリも登録推奨。 ABCはパイズリしてくれるヒロインの数、回数、満足度などでつけてください。 コメントにはパイズリしてくれるヒロイン名、バストサイズなどをどうぞ。,ap2,2010-07-25 13:59:07.731302+09,2010-07-25 13:59:07.731302+09,パイズリニミドコロアリ,2010-07-25 13:59:07.731302+09,f,パイズリ,エロシーン,f,1522,t,f
200,200,522,催眠・マインドコントロールでヒロインを陥落,ヒロインを強制的に操るエロシーンがメインのゲームを登録してください。 超能力・魔法・妖術・薬物・機械・催眠・洗脳など方法は問いません。 コメントに操る手段やヒロインの反応を書いてくれると助かります。,ap2,2010-08-08 22:25:54.959291+09,2010-08-08 22:25:54.959291+09,サイミンマインドコントロールデヒロインヲカンラク,2010-08-08 22:25:54.959291+09,f,催眠,ジャンル,f,564,t,f
201,201,523,魅力溢れるお嬢様（タカビーお嬢除く）,気に入ったお嬢様を登録するPOVです。 凛々しい、おしとやか、ミステリアス、小悪魔っぽい… どんなタイプのお嬢様でもかまいません。 お嬢様らしい魅力によってABCをつけてください。 コメントには推したいヒロイン名、お嬢様のタイプをどうぞ。 タカビーさが前面に出たお嬢様はタカビーお嬢POVに登録してください。,ap2,2010-09-19 19:25:14.503979+09,2010-09-19 19:25:14.503745+09,ミリョクアフレルオジョウサマ,2010-09-19 19:25:14.503979+09,f,お嬢様,女の子キャラクター,f,814,t,f
202,202,524,水着姿にこだわりのあるゲーム,ヒロインの水着姿にこだわりのあるゲームや、水着フェチを対象にしたゲームを登録するPOVです。 水着姿が出てくる頻度や、ヒロインがイベントで披露する水着姿のインパクトによってABCをつけてください。,ap2,2010-10-03 21:52:40.145275+09,2010-10-03 21:52:40.144884+09,ミズギスガタニコダワリノアルゲーム,2010-10-03 21:52:40.145275+09,f,水着,シチュエーション,f,782,t,f
203,203,525,アンドロイド・ホムンクルスな人造少女,アンドロイド、ロボッ娘、ホムンクルス、人形・ドールなど、人造人間であったり、機械らしさ人造物らしさのあるヒロインが魅力的なゲームを登録してください。 ・人造少女ならではのキャラクター性に萌えた作品 ・人造少女が人と触れ合うことでの変化が良い作品 ・人造少女と人との葛藤の描写が優れた作品 など．．． コメントにはヒロイン名、属性（ロボとかオートマタなど）を明記してもらえれば参考になります。 ただし、実は人工生命であったというようなヒロインの秘密が、ネタバレとなる場合もありますのでコメントには注意してください。,ap2,2010-10-11 02:00:16.733717+09,2010-10-11 02:00:16.733157+09,アンドロイドホムンクルスナジンゾウショウジョ,2010-10-11 02:00:16.733717+09,f,人造少女,女の子キャラクター,f,749,t,f
204,204,526,委員長に惚れた！,優等生タイプ、柔和温和タイプ、天然タイプ等いろんな委員長がいると思いますがヒロイン・サブは問いません！お気に入り度合いに応じてＡ～Ｃ投票願います。 （委員長とはクラス委員長や各委員長、副委員長など） コメントにはキャラクター名とタイプを記載して下さい。,ap2,2010-10-24 12:40:14.729022+09,2010-10-24 12:40:14.72975+09,イインチョウニホレタ,2010-10-24 12:40:14.729022+09,f,委員長,女の子キャラクター,f,705,t,f
205,205,527,黒髪ロングが魅力的,魅力的な黒髪ロングヒロインが登場する作品を登録してください。 テンプレイメージなんて無関係、些細な飾りや微妙な色の違いは許容範囲です。 ABC基準はそのヒロインへの好感度でどうぞ。,ap2,2010-11-07 21:28:55.802916+09,2010-11-07 21:28:55.802916+09,クロカミロングガミリョクテキ,2010-11-07 21:28:55.802916+09,f,黒髪,女の子キャラクター,f,2176,t,f
206,206,528,個別ルートがダメ,面白い見所もあるのに個別ルートがダメという残念なゲームを登録してください。 個別がダメだったヒロイン名やどう問題だったかも記載してくださるとうれしいです。 【登録される例】 　○特定の個別ルートがやっていて苦痛。期待はずれ 　○多くの個別ルートがやっていて退屈。作業に感じる 　○個別に入って共通ルートでの面白さがなくなってしまった 　○共通と比べて個別が短く物足りない,ap2,2010-12-19 23:23:04.869211+09,2010-12-19 23:23:04.870788+09,コベツルートガダメ,2010-12-19 23:23:04.869211+09,f,個別ルートNG,ネガティブ,f,1731,f,f
207,207,529,卑語が多い,セリフ中におま○こやおち○ぽなどの卑語が多い場合に登録してください。 また、できましたら音声修正についてコメントしてください。 ABC基準は以下の通りです。 A：Hシーンの随所に卑語がある B：随所とは言わないが、それなりにある C：ゲームの一部に卑語が多めのHシーンがある 【注意】声優さんによる音声のないゲームは対象外です。,ap2,2011-02-11 23:07:15.533333+09,2011-02-11 23:07:15.533105+09,ヒゴガオオイ,2011-02-11 23:07:15.533333+09,f,卑語,エロシーン,f,1349,t,f
208,208,530,規律正しい生真面目なヒロイン,規律正しく生真面目から、厳格な堅物ヒロインなど登録してください。 規律を重んじたり、規則を守る意識の高さがあるヒロインで、 そんな真面目なのにナゼか主人公には甘かったり、 主人公との恋愛には初心(ウブ)だったりするのがポイントです。 コメントにはヒロイン名だけでなく役職や職業なども書いていただければ参考になります。 （軍人、騎士、武士から風紀委員など）,ap2,2011-02-11 23:09:45.354177+09,2011-02-11 23:09:45.354025+09,キリツタダシイマジメナヒロイン,2011-02-11 23:09:45.354177+09,f,生真面目(騎士・風紀委員長等),女の子キャラクター,f,833,t,f
209,209,531,キモい男性キャラとのＨシーンがあるゲーム,気持ち悪いキャラ(オタク・オヤジ・デブ・浮浪者など)のＨシーンがあるゲームを登録してください。 「寝取られ」や「陵辱」等と他のPOVとの組み合わせで様々な嗜好ニーズにも対応できます。 キモさが表現されていれば和姦・強姦を問いませんが、触手・化物・禽獣の類は「ゲテモノ」POVへお願いします。 A:外見だけでなく歪んだ内面まで描かれており、際立ったキモさを誇る。 B:外見的な特徴は十分だが、内面描写は薄い。 C:ちょい役程度であまり印象に残らない。,ap2,2011-02-27 19:25:37.417267+09,2011-02-27 19:25:37.417267+09,キモイ,2011-02-27 19:25:37.417267+09,f,キモ男,エロシーン,f,866,f,f
210,210,532,悪堕ちするヒロイン,ヒロインがストーリーの途中で、悪側に堕ちるシチュエーションを登録してください。 代表的なシチュエーションは、以下の通りです。 ・悪の主人公が、調教などで正義のヒロインを屈服させる。 ・魔法少女や変身ヒロイン物で、仲間が洗脳されて敵になる。 ランク  A:悪堕ちがしっかり描かれており、ヒロインの変貌ぶりの印象が強い  B:悪堕ちがあって印象に残る  C:悪堕ちがあるがあまり印象に残らない,ap2,2011-02-27 19:27:08.711305+09,2011-02-27 19:27:08.711305+09,ワルオチスルヒロイン,2011-02-27 19:27:08.711305+09,f,悪堕ちするヒロイン,シチュエーション,t,874,f,f
211,211,533,見た目は子供(大人)、頭脳は大人(子供),年齢的ギャップの大きいヒロインを登録して下さい。 年上ロリやロリババアの他、幼児退行ヒロイン・ロリ化(大人化)したヒロインなども対象です。 具体的に知りたい方は、ロリ・年上・女教師・人外・催眠などのPOVと併用して下さい。 ランク分けは、該当キャラやシチュへの印象の強さや分量の多さでお願いします。,ap2,2011-04-03 20:19:15.437454+09,2011-04-03 20:19:15.43743+09,ミタメハコドモズノウハオトナ,2011-04-03 20:19:15.437454+09,f,心体ギャップ(ロリババア等),女の子キャラクター,f,422,t,f
212,212,534,エロ動画が良い！,２Ｄ３Ｄを問わず、Ｈシーンの動画がよくできているゲームを登録してください。 ランク分けは絵の綺麗さ、動きの滑らかさ、動きや視点の豊富さ等でお願いします。 わかる方はセルアニメ・After Effectsアニメ・３Ｄ等もコメントしてください。 【注意】非Ｈシーンを評価する場合は「ムービーが良い！(エロ動画除く)」に登録してください。,ap2,2011-04-23 21:56:05.931917+09,2011-04-23 21:56:05.929643+09,エロドウガガヨイ,2011-04-23 21:56:05.931917+09,f,エロ動画がいい,グラフィック,f,1687,f,f
213,213,559,寝取り,主人公が他人の女性を寝取ることができる作品を登録してください。 例えば他人の女性を心まで落として自分の物にするゲームです。 ABCの基準は主人公のヒロインに対する執着心の度合いでお願いします。,ap2,2012-02-12 12:16:55.366963+09,2012-02-12 12:16:55.36505+09,ネトリ,2012-02-12 12:16:55.366963+09,f,寝取り,シチュエーション,t,584,f,f
214,214,618,貧乳,幼児体型・ペドでは無い貧乳ヒロインがいるゲームを登録願います。,ap2,2013-09-29 21:50:29.046429+09,2013-09-29 21:50:29.046429+09,ヒンニュウ,2013-09-29 21:50:29.046429+09,t,貧乳,女の子キャラクター,f,976,t,t
